-- phpMyAdmin SQL Dump
-- version 4.8.5
-- https://www.phpmyadmin.net/
--
-- Hôte : 127.0.0.1:3306
-- Généré le :  Dim 01 sep. 2019 à 01:07
-- Version du serveur :  5.7.26
-- Version de PHP :  7.2.18

SET SQL_MODE = "NO_AUTO_VALUE_ON_ZERO";
SET AUTOCOMMIT = 0;
START TRANSACTION;
SET time_zone = "+00:00";


/*!40101 SET @OLD_CHARACTER_SET_CLIENT=@@CHARACTER_SET_CLIENT */;
/*!40101 SET @OLD_CHARACTER_SET_RESULTS=@@CHARACTER_SET_RESULTS */;
/*!40101 SET @OLD_COLLATION_CONNECTION=@@COLLATION_CONNECTION */;
/*!40101 SET NAMES utf8mb4 */;

--
-- Base de données :  `mymegapv`
--

-- --------------------------------------------------------

--
-- Structure de la table `client`
--

DROP TABLE IF EXISTS `client`;
CREATE TABLE IF NOT EXISTS `client` (
  `id` int(11) NOT NULL AUTO_INCREMENT,
  `clientName` varchar(30) COLLATE utf8_unicode_ci NOT NULL,
  PRIMARY KEY (`id`)
) ENGINE=InnoDB AUTO_INCREMENT=4 DEFAULT CHARSET=utf8 COLLATE=utf8_unicode_ci;

--
-- Déchargement des données de la table `client`
--

INSERT INTO `client` (`id`, `clientName`) VALUES
(1, 'Client 1'),
(3, 'Client 2');

-- --------------------------------------------------------

--
-- Structure de la table `ens`
--

DROP TABLE IF EXISTS `ens`;
CREATE TABLE IF NOT EXISTS `ens` (
  `id` int(11) NOT NULL AUTO_INCREMENT,
  `event_id` int(11) NOT NULL,
  `date` date NOT NULL,
  `ensOperator` double DEFAULT NULL,
  `ensOther` double DEFAULT NULL,
  PRIMARY KEY (`id`),
  KEY `IDX_832FB67671F7E88B` (`event_id`)
) ENGINE=InnoDB AUTO_INCREMENT=8 DEFAULT CHARSET=utf8 COLLATE=utf8_unicode_ci;

--
-- Déchargement des données de la table `ens`
--

INSERT INTO `ens` (`id`, `event_id`, `date`, `ensOperator`, `ensOther`) VALUES
(1, 1, '2018-05-29', NULL, 10499.55),
(2, 1, '2018-05-30', 0, 10023.13),
(3, 1, '2018-05-31', 0, 9839.32),
(4, 1, '2018-06-01', 0, 0),
(5, 2, '2018-06-18', NULL, 4593.14),
(6, 2, '2018-06-19', NULL, 13886.12),
(7, 4, '2018-05-30', 0, 0);

-- --------------------------------------------------------

--
-- Structure de la table `equipment`
--

DROP TABLE IF EXISTS `equipment`;
CREATE TABLE IF NOT EXISTS `equipment` (
  `id` int(11) NOT NULL AUTO_INCREMENT,
  `substation_id` int(11) NOT NULL,
  `name` varchar(20) COLLATE utf8_unicode_ci NOT NULL,
  `brand` varchar(30) COLLATE utf8_unicode_ci NOT NULL,
  `type` varchar(255) COLLATE utf8_unicode_ci NOT NULL,
  `model` varchar(30) COLLATE utf8_unicode_ci DEFAULT NULL,
  `power` int(11) DEFAULT NULL,
  PRIMARY KEY (`id`),
  KEY `IDX_D338D5837E2C5596` (`substation_id`)
) ENGINE=InnoDB AUTO_INCREMENT=23 DEFAULT CHARSET=utf8 COLLATE=utf8_unicode_ci;

--
-- Déchargement des données de la table `equipment`
--

INSERT INTO `equipment` (`id`, `substation_id`, `name`, `brand`, `type`, `model`, `power`) VALUES
(1, 2, 'INV1', 'MyBrand', 'inverter', 'MyModel', 500),
(2, 2, 'INV2', 'MyBrand', 'inverter', 'MyModel', 500),
(3, 3, 'INV1', 'MyBrand', 'inverter', 'MyModel', 500),
(4, 5, 'Onduleur 1', 'MyBrand', 'inverter', 'MyModel', 1006),
(5, 6, 'Onduleur 2', 'MyBrand', 'inverter', 'MyModel', 1006),
(6, 6, 'Onduleur 3', 'MyBrand', 'inverter', 'MyModel', 1006),
(7, 7, 'Onduleur 4', 'MyBrand', 'inverter', 'MyModel', 1006),
(8, 7, 'Onduleur 5', 'MyBrand', 'inverter', 'MyModel', 1006),
(9, 8, 'Onduleur 6', 'MyBrand', 'inverter', 'MyModel', 1006),
(10, 8, 'Onduleur 7', 'MyBrand', 'inverter', 'MyModel', 1006),
(11, 10, 'Onduleur 1', 'MyBrand', 'inverter', 'MyModel', 1006),
(12, 10, 'Onduleur 2', 'MyBrand', 'inverter', 'MyModel', 1006),
(13, 11, 'Onduleur 3', 'MyBrand', 'inverter', 'MyModel', 1006),
(14, 11, 'Onduleur 4', 'MyBrand', 'inverter', 'MyModel', 1006),
(15, 12, 'Onduleur 5', 'MyBrand', 'inverter', 'MyModel', 1006),
(16, 12, 'Onduleur 6', 'MyBrand', 'inverter', 'MyModel', 1006),
(17, 13, 'Onduleur 7', 'MyBrand', 'inverter', 'MyModel', 1006),
(18, 13, 'Onduleur 8', 'MyBrand', 'inverter', 'MyModel', 1006),
(19, 14, 'Onduleur 9', 'MyBrand', 'inverter', 'MyModel', 1006),
(20, 14, 'Onduleur 10', 'MyBrand', 'inverter', 'MyModel', 1006),
(21, 4, 'DEIE - PPC', 'Enedis', 'ppc', NULL, NULL),
(22, 9, 'DEIE - PPC', 'Enedis', 'ppc', NULL, NULL);

-- --------------------------------------------------------

--
-- Structure de la table `event`
--

DROP TABLE IF EXISTS `event`;
CREATE TABLE IF NOT EXISTS `event` (
  `id` int(11) NOT NULL AUTO_INCREMENT,
  `site_id` int(11) NOT NULL,
  `substation_id` int(11) NOT NULL,
  `equipment_id` int(11) NOT NULL,
  `start_date` datetime NOT NULL,
  `end_date` datetime DEFAULT NULL,
  `origin` varchar(255) COLLATE utf8_unicode_ci DEFAULT NULL,
  `consequence` varchar(255) COLLATE utf8_unicode_ci DEFAULT NULL,
  `coment` longtext COLLATE utf8_unicode_ci,
  PRIMARY KEY (`id`),
  KEY `IDX_3BAE0AA7F6BD1646` (`site_id`),
  KEY `IDX_3BAE0AA77E2C5596` (`substation_id`),
  KEY `IDX_3BAE0AA7517FE9FE` (`equipment_id`)
) ENGINE=InnoDB AUTO_INCREMENT=5 DEFAULT CHARSET=utf8 COLLATE=utf8_unicode_ci;

--
-- Déchargement des données de la table `event`
--

INSERT INTO `event` (`id`, `site_id`, `substation_id`, `equipment_id`, `start_date`, `end_date`, `origin`, `consequence`, `coment`) VALUES
(1, 2, 4, 21, '2018-05-29 07:42:00', '2018-06-01 09:48:00', 'Gestionnaire de réseau', 'Limitation de puissance', 'Limitation de la puissance à 35 %'),
(2, 2, 4, 21, '2018-06-18 09:17:00', '2018-06-19 17:22:00', 'Gestionnaire de réseau', 'Limitation de puissance', 'Limitation de puissance à 45 %'),
(4, 2, 7, 7, '2018-05-30 09:09:00', '2018-05-30 11:09:00', 'Défaut onduleur', 'Arrêt de la production', 'coucou');

-- --------------------------------------------------------

--
-- Structure de la table `file`
--

DROP TABLE IF EXISTS `file`;
CREATE TABLE IF NOT EXISTS `file` (
  `id` int(11) NOT NULL AUTO_INCREMENT,
  `site_id` int(11) DEFAULT NULL,
  PRIMARY KEY (`id`),
  UNIQUE KEY `UNIQ_8C9F3610F6BD1646` (`site_id`)
) ENGINE=InnoDB DEFAULT CHARSET=utf8 COLLATE=utf8_unicode_ci;

-- --------------------------------------------------------

--
-- Structure de la table `import_data_row`
--

DROP TABLE IF EXISTS `import_data_row`;
CREATE TABLE IF NOT EXISTS `import_data_row` (
  `id` int(11) NOT NULL AUTO_INCREMENT,
  `site_id` int(11) NOT NULL,
  `date` date NOT NULL,
  `energyInjected` double NOT NULL,
  `irradiation` double NOT NULL,
  `ens` double NOT NULL,
  PRIMARY KEY (`id`),
  KEY `IDX_6913A994F6BD1646` (`site_id`)
) ENGINE=InnoDB AUTO_INCREMENT=1593 DEFAULT CHARSET=utf8 COLLATE=utf8_unicode_ci;

--
-- Déchargement des données de la table `import_data_row`
--

INSERT INTO `import_data_row` (`id`, `site_id`, `date`, `energyInjected`, `irradiation`, `ens`) VALUES
(1, 1, '2016-10-21', 5280.0000000002, 406.83332742213, 0),
(2, 1, '2016-10-22', 3519.9999999999, 284.41667784296, 0),
(3, 1, '2016-10-23', 10560, 651.25002322385, 0),
(4, 1, '2016-10-24', 19360, 1337.249951994, 0),
(5, 1, '2016-10-25', 33440, 2159.416692843, 0),
(6, 1, '2016-10-26', 15840, 1180.249991852, 0),
(7, 1, '2016-10-27', 3519.9999999999, 287.49999302817, 0),
(8, 1, '2016-10-28', 28160, 1753.5833657997, 0),
(9, 1, '2016-10-29', 42240, 2839.1666109668, 0),
(10, 1, '2016-10-30', 68640, 4821.2502123507, 0),
(11, 1, '2016-10-31', 56320, 3722.666664235, 0),
(12, 1, '2016-11-01', 29920, 1900.666702429, 0),
(13, 1, '2016-11-02', 70400, 5104.2498890938, 0),
(14, 1, '2016-11-03', 73920, 5418.9168515857, 0),
(15, 1, '2016-11-04', 72160, 5342.0835498507, 0),
(16, 1, '2016-11-05', 72160, 5308.0834707416, 0),
(17, 1, '2016-11-06', 14080, 1024.3333130237, 0),
(18, 1, '2016-11-07', 8800.0000000001, 546.08332223128, 0),
(19, 1, '2016-11-08', 52800, 3584.0000333344, 0),
(20, 1, '2016-11-09', 31680, 2056.6666290785, 0),
(21, 1, '2016-11-10', 73920, 4956.4165935725, 0),
(22, 1, '2016-11-11', 70400, 4897.1669270964, 0),
(23, 1, '2016-11-12', 52800, 3644.3334447159, 0),
(24, 1, '2016-11-13', 59840, 4256.4167257255, 0),
(25, 1, '2016-11-14', 31680, 2326.4999045949, 0),
(26, 1, '2016-11-15', 61600, 4179.2499028866, 0),
(27, 1, '2016-11-16', 47520, 3211.7499502478, 0),
(28, 1, '2016-11-17', 7040.0000000005, 495.91667519044, 0),
(29, 1, '2016-11-18', 29920, 2100.250075506, 0),
(30, 1, '2016-11-19', 10560, 643.41664829003, 0),
(31, 1, '2016-11-20', 19360, 1454.999988328, 0),
(32, 1, '2016-11-21', 1759.9999999997, 95.666664279577, 0),
(33, 1, '2016-11-22', 5280.0000000002, 880.25001064477, 0),
(34, 1, '2016-11-23', 59840, 3843.9168177929, 0),
(35, 1, '2016-11-24', 54560, 3464.4166905673, 0),
(36, 1, '2016-11-25', 58080, 3882.4166502542, 0),
(37, 1, '2016-11-26', 70400, 4574.7503010837, 0),
(38, 1, '2016-11-27', 65120, 4277.9999651356, 0),
(39, 1, '2016-11-28', 52800, 3432.33323194, 0),
(40, 1, '2016-11-29', 10560, 653.74997450049, 0),
(41, 1, '2016-11-30', 79200, 4506.500068265, 0),
(42, 1, '2016-12-01', 88000, 4164.9167076154, 0),
(43, 1, '2016-12-02', 91520, 4362.3333856101, 0),
(44, 1, '2016-12-03', 58080, 2694.7501186209, 0),
(45, 1, '2016-12-04', 93280, 4498.9167679317, 0),
(46, 1, '2016-12-05', 28159.999999999, 1260.4999643076, 0),
(47, 1, '2016-12-06', 102080, 4999.1666346046, 0),
(48, 1, '2016-12-07', 73920, 3601.1667009861, 0),
(49, 1, '2016-12-08', 77440, 3727.7500132916, 0),
(50, 1, '2016-12-09', 66880, 3113.0833345021, 0),
(51, 1, '2016-12-10', 42240, 3014.3332722531, 0),
(52, 1, '2016-12-11', 7039.9999999998, 486.00001856399, 0),
(53, 1, '2016-12-12', 10560, 517.58332799024, 0),
(54, 1, '2016-12-13', 7040.0000000005, 337.25000359869, 0),
(55, 1, '2016-12-14', 21120, 896.08332238219, 0),
(56, 1, '2016-12-15', 59840, 3562.0832728204, 0),
(57, 1, '2016-12-16', 110880, 4777.8331291108, 0),
(58, 1, '2016-12-17', 80960, 3483.3333506036, 0),
(59, 1, '2016-12-18', 61600, 2702.6666751485, 0),
(60, 1, '2016-12-19', 54560, 2310.250088842, 0),
(61, 1, '2016-12-20', 15839.999999999, 622.00003697707, 0),
(62, 1, '2016-12-21', 7039.9999999998, 294.24998730714, 0),
(63, 1, '2016-12-22', 124960, 4914.1667017414, 0),
(64, 1, '2016-12-23', 65120.000000001, 2441.999931798, 0),
(65, 1, '2016-12-24', 31680, 1151.6666504487, 0),
(66, 1, '2016-12-25', 15839.999999999, 684.25000261298, 0),
(67, 1, '2016-12-26', 5280.0000000002, 339.58332677817, 0),
(68, 1, '2016-12-27', 126720, 4794.0832097733, 0),
(69, 1, '2016-12-28', 51040, 2094.0000648596, 0),
(70, 1, '2016-12-29', 103840, 3960.2499854818, 0),
(71, 1, '2016-12-30', 80960, 3160.8332780875, 0),
(72, 1, '2016-12-31', 91519.999999999, 3808.9167051913, 0),
(73, 1, '2017-01-01', 29920, 1297.2222326, 0),
(74, 1, '2017-01-02', 91520, 3636.1111402, 0),
(75, 1, '2017-01-03', 98560, 3797.2222526, 0),
(76, 1, '2017-01-04', 12320, 563.8888934, 0),
(77, 1, '2017-01-05', 1760, 116.6666676, 0),
(78, 1, '2017-01-06', 7040, 291.666669, 0),
(79, 1, '2017-01-07', 1400, 105.5555564, 0),
(80, 1, '2017-01-08', 65120, 2561.1111316, 0),
(81, 1, '2017-01-09', 44000, 1805.55557, 0),
(82, 1, '2017-01-10', 66880, 2530.5555758, 0),
(83, 1, '2017-01-11', 84480, 3355.5555824, 0),
(84, 1, '2017-01-12', 128480, 4994.4444844, 0),
(85, 1, '2017-01-13', 103840, 4130.5555886, 0),
(86, 1, '2017-01-14', 100320, 3844.4444752, 0),
(87, 1, '2017-01-15', 65120, 2387.166685764, 0),
(88, 1, '2017-01-16', 44000, 1826.25001461, 0),
(89, 1, '2017-01-17', 42240, 2097.666683448, 0),
(90, 1, '2017-01-18', 5280, 247.416668646, 0),
(91, 1, '2017-01-19', 132000, 5115.83337426, 0),
(92, 1, '2017-01-20', 140800, 4997.166706644, 0),
(93, 1, '2017-01-21', 147840, 4666.083370662, 0),
(94, 1, '2017-01-22', 128480, 4027.77781, 0),
(95, 1, '2017-01-23', 107360, 3450.500027604, 0),
(96, 1, '2017-01-24', 68640, 2306.500018452, 0),
(97, 1, '2017-01-25', 95040, 3185.750025486, 0),
(98, 1, '2017-01-26', 95040, 2989.333357248, 0),
(99, 1, '2017-01-27', 105600, 3387.416693766, 0),
(100, 1, '2017-01-28', 17600, 553.500004428, 0),
(101, 1, '2017-01-29', 51040, 1714.361124826, 0),
(102, 1, '2017-01-30', 153120, 4854.416705502, 0),
(103, 1, '2017-01-31', 75680, 2297.91668505, 0),
(104, 1, '2017-02-01', 126720, 4071.750032574, 0),
(105, 1, '2017-02-02', 73920, 2265.916684794, 0),
(106, 1, '2017-02-03', 116160, 3851.500030812, 0),
(107, 1, '2017-02-04', 89760, 3027.166690884, 0),
(108, 1, '2017-02-05', 93280, 3103.250024826, 0),
(109, 1, '2017-02-06', 44000, 1322.250010578, 0),
(110, 1, '2017-02-07', 21120, 655.166671908, 0),
(111, 1, '2017-02-08', 26400, 1153.25, 11976.25),
(112, 1, '2017-02-09', 181280, 5319.58337589, 0),
(113, 1, '2017-02-10', 184800, 5517.91671081, 0),
(114, 1, '2017-02-11', 188320, 5645.083378494, 0),
(115, 1, '2017-02-12', 176000, 5284.500042276, 0),
(116, 1, '2017-02-13', 144320, 4433.083368798, 0),
(117, 1, '2017-02-14', 93280, 2811.25002249, 0),
(118, 1, '2017-02-15', 119680, 3629.250029034, 0),
(119, 1, '2017-02-16', 93280, 2913.250023306, 0),
(120, 1, '2017-02-17', 100320, 2788.166688972, 0),
(121, 1, '2017-02-18', 151360, 4515.41670279, 0),
(122, 1, '2017-02-19', 82720, 2450.666686272, 0),
(123, 1, '2017-02-20', 154880, 4448.000035584, 0),
(124, 1, '2017-02-21', 7040, 395.417, 5706.68),
(125, 1, '2017-02-22', 79200, 2767.333, 20370.4),
(126, 1, '2017-02-23', 188320, 5044.833373692, 0),
(127, 1, '2017-02-24', 209440, 5761.833379428, 0),
(128, 1, '2017-02-25', 198880, 5482.50004386, 0),
(129, 1, '2017-02-26', 183040, 5103.250040826, 0),
(130, 1, '2017-02-27', 209440, 5781.583379586, 0),
(131, 1, '2017-02-28', 63360, 1662.833346636, 0),
(132, 1, '2017-03-01', 239360, 6274.416716862, 0),
(133, 1, '2017-03-02', 230560, 6313.583383842, 0),
(134, 1, '2017-03-03', 212960, 5867.50004694, 0),
(135, 1, '2017-03-04', 139040, 3694.444474, 0),
(136, 1, '2017-03-05', 146080, 3875.500031004, 0),
(137, 1, '2017-03-06', 223520, 6129.58338237, 0),
(138, 1, '2017-03-07', 223520, 5888.583380442, 0),
(139, 1, '2017-03-08', 123200, 6202.333, 102972.89),
(140, 1, '2017-03-09', 0, 6237.583, 227458.3),
(141, 1, '2017-03-10', 0, 5056.833, 177446.8),
(142, 1, '2017-03-11', 47520, 1720.833, 20089.35),
(143, 1, '2017-03-12', 110880, 2881.25002305, 0),
(144, 1, '2017-03-13', 95040, 2396.333352504, 0),
(145, 1, '2017-03-14', 223520, 6213.416716374, 0),
(146, 1, '2017-03-15', 163680, 4495.8333693, 0),
(147, 1, '2017-03-16', 205920, 5700.666712272, 0),
(148, 1, '2017-03-17', 105600, 2859.500022876, 0),
(149, 1, '2017-03-18', 165440, 4714.666704384, 0),
(150, 1, '2017-03-19', 47520, 1291.833343668, 0),
(151, 1, '2017-03-20', 59840, 1523.083345518, 0),
(152, 1, '2017-03-21', 142560, 3971.25003177, 0),
(153, 1, '2017-03-22', 33440, 814.333339848, 0),
(154, 1, '2017-03-23', 36960, 956.000007648, 0),
(155, 1, '2017-03-24', 110880, 2895.00002316, 0),
(156, 1, '2017-03-25', 225280, 6456.583, 6987.62),
(157, 1, '2017-03-26', 244640, 7077.417, 13813.73),
(158, 1, '2017-03-27', 221760, 6409.917, 8828.85),
(159, 1, '2017-03-28', 172480, 4965.25, 1222.25),
(160, 1, '2017-03-29', 198880, 5760.75, 9210.34),
(161, 1, '2017-03-30', 54560, 1374.833344332, 0),
(162, 1, '2017-03-31', 195360, 5584.333378008, 0),
(163, 1, '2017-04-01', 244640, 7183.75005747, 0),
(164, 1, '2017-04-02', 220000, 6542.416719006, 0),
(165, 1, '2017-04-03', 96800, 2628.500021028, 0),
(166, 1, '2017-04-04', 9100, 276.000002208, 0),
(167, 1, '2017-04-05', 75680, 2180.41668411, 0),
(168, 1, '2017-04-06', 212960, 6353.75005083, 0),
(169, 1, '2017-04-07', 89760, 2551.66668708, 0),
(170, 1, '2017-04-08', 7040, 212.000001696, 0),
(171, 1, '2017-04-09', 42240, 1093.250008746, 0),
(172, 1, '2017-04-10', 61600, 1517.833345476, 0),
(173, 1, '2017-04-11', 200640, 5734.58337921, 0),
(174, 1, '2017-04-12', 190080, 5808.416713134, 0),
(175, 1, '2017-04-13', 123200, 3647.250029178, 0),
(176, 1, '2017-04-14', 172480, 5248.33337532, 0),
(177, 1, '2017-04-15', 126720, 3610.500028884, 0),
(178, 1, '2017-04-16', 51040, 1293.694454794, 0),
(179, 1, '2017-04-17', 218240, 6712.666720368, 0),
(180, 1, '2017-04-18', 234080, 7197.166724244, 0),
(181, 1, '2017-04-19', 73920, 2101.166683476, 0),
(182, 1, '2017-04-20', 188320, 5664.083378646, 0),
(183, 1, '2017-04-21', 204160, 6166.083382662, 0),
(184, 1, '2017-04-22', 235840, 7237.5000579, 0),
(185, 1, '2017-04-23', 221760, 6832.08338799, 0),
(186, 1, '2017-04-24', 170720, 5179.083374766, 0),
(187, 1, '2017-04-25', 123200, 3355.750026846, 0),
(188, 1, '2017-04-26', 218240, 6541.833385668, 0),
(189, 1, '2017-04-27', 235840, 7339.500058716, 0),
(190, 1, '2017-04-28', 228800, 7223.33339112, 0),
(191, 1, '2017-04-29', 218240, 6911.916721962, 0),
(192, 1, '2017-04-30', 195360, 6223.000049784, 0),
(193, 1, '2017-05-01', 165440, 5136.083374422, 0),
(194, 1, '2017-05-02', 177760, 5476.166710476, 0),
(195, 1, '2017-05-03', 36960, 1000.250008002, 0),
(196, 1, '2017-05-04', 205920, 6904.138944122, 0),
(197, 1, '2017-05-05', 181280, 6705.611164756, 0),
(198, 1, '2017-05-06', 228800, 9132.250073058, 0),
(199, 1, '2017-05-07', 207680, 8302.194510862, 0),
(200, 1, '2017-05-08', 170720, 6545.69449681, 0),
(201, 1, '2017-05-09', 207680, 8151.500065212, 0),
(202, 1, '2017-05-10', 216480, 8589.527846494, 0),
(203, 1, '2017-05-11', 165440, 6278.666716896, 0),
(204, 1, '2017-05-12', 218240, 8643.305624702, 0),
(205, 1, '2017-05-13', 223520, 8842.583404074, 0),
(206, 1, '2017-05-14', 126720, 4709.805593234, 0),
(207, 1, '2017-05-15', 130240, 4644.694481602, 0),
(208, 1, '2017-05-16', 218240, 8798.250070386, 0),
(209, 1, '2017-05-17', 181280, 7300.916725074, 0),
(210, 1, '2017-05-18', 188320, 7888.888952, 0),
(211, 1, '2017-05-19', 190080, 7691.861172646, 0),
(212, 1, '2017-05-20', 205920, 8466.6667344, 0),
(213, 1, '2017-05-21', 177760, 7344.4445032, 0),
(214, 1, '2017-05-22', 126720, 6057.055604012, 0),
(215, 1, '2017-05-23', 244640, 9916.80563489, 0),
(216, 1, '2017-05-24', 232320, 9083.333406, 0),
(217, 1, '2017-05-25', 235840, 9338.305630262, 0),
(218, 1, '2017-05-26', 225280, 8898.583404522, 0),
(219, 1, '2017-05-27', 221760, 9108.3334062, 0),
(220, 1, '2017-05-28', 212960, 8869.4445154, 0),
(221, 1, '2017-05-29', 133760, 5066.6667072, 0),
(222, 1, '2017-05-30', 135520, 5169.4444858, 0),
(223, 1, '2017-05-31', 207680, 8075.0000646, 0),
(224, 1, '2017-06-01', 223520, 7102.7778346, 0),
(225, 1, '2017-06-02', 191840, 6044.4444928, 0),
(226, 1, '2017-06-03', 103840, 2955.5555792, 0),
(227, 1, '2017-06-04', 119680, 3377.7778048, 0),
(228, 1, '2017-06-05', 24640, 666.666672, 0),
(229, 1, '2017-06-06', 107360, 2988.8889128, 0),
(230, 1, '2017-06-07', 223520, 6758.3333874, 0),
(231, 1, '2017-06-08', 188320, 5597.222267, 0),
(232, 1, '2017-06-09', 156640, 4750.000038, 0),
(233, 1, '2017-06-10', 207680, 6433.3333848, 0),
(234, 1, '2017-06-11', 154880, 4680.555593, 0),
(235, 1, '2017-06-12', 191840, 6102.7778266, 0),
(236, 1, '2017-06-13', 63360, 1852.7777926, 0),
(237, 1, '2017-06-14', 183040, 5630.5556006, 0),
(238, 1, '2017-06-15', 149600, 4402.777813, 0),
(239, 1, '2017-06-16', 198880, 6277.777828, 0),
(240, 1, '2017-06-17', 218240, 6905.5556108, 0),
(241, 1, '2017-06-18', 176000, 5304.333375768, 0),
(242, 1, '2017-06-19', 188320, 6036.333381624, 0),
(243, 1, '2017-06-20', 212960, 6647.2222754, 0),
(244, 1, '2017-06-21', 0, 3641.667, 129030),
(245, 1, '2017-06-22', 10560, 1711.111, 47955.38),
(246, 1, '2017-06-23', 14080, 1550, 43208),
(247, 1, '2017-06-24', 0, 4572.222, 155357.48),
(248, 1, '2017-06-25', 144320, 6816.667, 62366.73),
(249, 1, '2017-06-26', 204160, 6413.8889402, 0),
(250, 1, '2017-06-27', 204160, 6733.3333872, 0),
(251, 1, '2017-06-28', 190080, 6246.66671664, 0),
(252, 1, '2017-06-29', 204160, 6722.222276, 0),
(253, 1, '2017-06-30', 188320, 6219.4444942, 0),
(254, 1, '2017-07-01', 184800, 6011.1111592, 0),
(255, 1, '2017-07-02', 190080, 6277.777828, 0),
(256, 1, '2017-07-03', 188320, 6380.5556066, 0),
(257, 1, '2017-07-04', 140800, 4694.444482, 0),
(258, 1, '2017-07-05', 124960, 3800.0000304, 0),
(259, 1, '2017-07-06', 56320, 1533.3333456, 0),
(260, 1, '2017-07-07', 218240, 7119.4445014, 0),
(261, 1, '2017-07-08', 209440, 6897.2222774, 0),
(262, 1, '2017-07-09', 156640, 5013.888929, 0),
(263, 1, '2017-07-10', 191840, 6338.8889396, 0),
(264, 1, '2017-07-11', 209440, 6938.8889444, 0),
(265, 1, '2017-07-12', 167200, 5447.2222658, 0),
(266, 1, '2017-07-13', 174240, 5816.6667132, 0),
(267, 1, '2017-07-14', 139040, 4422.2222576, 0),
(268, 1, '2017-07-15', 114400, 3538.8889172, 0),
(269, 1, '2017-07-16', 96800, 2983.3333572, 0),
(270, 1, '2017-07-17', 119680, 3661.1111404, 0),
(271, 1, '2017-07-18', 119680, 3863.8889198, 0),
(272, 1, '2017-07-19', 186560, 6219.4444942, 0),
(273, 1, '2017-07-20', 177760, 5813.8889354, 0),
(274, 1, '2017-07-21', 93280, 3194.44447, 0),
(275, 1, '2017-07-22', 86240, 2744.4444664, 0),
(276, 1, '2017-07-23', 93280, 3038.8889132, 0),
(277, 1, '2017-07-24', 36960, 1705.556, 21574.67),
(278, 1, '2017-07-25', 84480, 3208.333, 9205.57),
(279, 1, '2017-07-26', 45760, 1333.333344, 0),
(280, 1, '2017-07-27', 24640, 819.444451, 0),
(281, 1, '2017-07-28', 44000, 1333.333344, 0),
(282, 1, '2017-07-29', 33440, 980.5555634, 0),
(283, 1, '2017-07-30', 176000, 5530.5555998, 0),
(284, 1, '2017-07-31', 179520, 5591.6667114, 0),
(285, 1, '2017-08-01', 72160, 2316.6666852, 0),
(286, 1, '2017-08-02', 66880, 2141.6666838, 0),
(287, 1, '2017-08-03', 184800, 6205.5556052, 0),
(288, 1, '2017-08-04', 190080, 6619.4444974, 0),
(289, 1, '2017-08-05', 190080, 6561.1111636, 0),
(290, 1, '2017-08-06', 174240, 6025.0000482, 0),
(291, 1, '2017-08-07', 80960, 2541.666687, 0),
(292, 1, '2017-08-08', 202400, 6869.4444994, 0),
(293, 1, '2017-08-09', 177760, 6033.3333816, 0),
(294, 1, '2017-08-10', 198880, 6797.2222766, 0),
(295, 1, '2017-08-11', 163680, 5538.8889332, 0),
(296, 1, '2017-08-12', 73920, 2419.4444638, 0),
(297, 1, '2017-08-13', 151360, 4911.1111504, 0),
(298, 1, '2017-08-14', 163680, 5275.0000422, 0),
(299, 1, '2017-08-15', 139040, 4750.000038, 0),
(300, 1, '2017-08-16', 172480, 5858.3333802, 0),
(301, 1, '2017-08-17', 36960, 1238.8888988, 0),
(302, 1, '2017-08-18', 75680, 2355.5555744, 0),
(303, 1, '2017-08-19', 51040, 1622.2222352, 0),
(304, 1, '2017-08-20', 158400, 5472.222266, 0),
(305, 1, '2017-08-21', 154880, 5194.72226378, 0),
(306, 1, '2017-08-22', 84480, 2786.38891118, 0),
(307, 1, '2017-08-23', 121440, 4244.4444784, 0),
(308, 1, '2017-08-24', 183040, 6400.27782898, 0),
(309, 1, '2017-08-25', 31680, 1002.50000802, 0),
(310, 1, '2017-08-26', 24640, 776.11111732, 0),
(311, 1, '2017-08-27', 100320, 3301.11113752, 0),
(312, 1, '2017-08-28', 36960, 1082.50000866, 0),
(313, 1, '2017-08-29', 49280, 1406.38890014, 0),
(314, 1, '2017-08-30', 133760, 4419.72225758, 0),
(315, 1, '2017-08-31', 153120, 5200.0000416, 0),
(316, 1, '2017-09-01', 163680, 5583.333378, 0),
(317, 1, '2017-09-02', 42240, 1341.6666774, 0),
(318, 1, '2017-09-03', 121440, 3808.3333638, 0),
(319, 1, '2017-09-04', 77440, 2430.555575, 0),
(320, 1, '2017-09-05', 68640, 2161.1111284, 0),
(321, 1, '2017-09-06', 172480, 6005.5556036, 0),
(322, 1, '2017-09-07', 197120, 7030.5556118, 0),
(323, 1, '2017-09-08', 91520, 2822.2222448, 0),
(324, 1, '2017-09-09', 103840, 3491.6666946, 0),
(325, 1, '2017-09-10', 128480, 4333.333368, 0),
(326, 1, '2017-09-11', 168960, 5988.8889368, 0),
(327, 1, '2017-09-12', 172480, 6111.11116, 0),
(328, 1, '2017-09-13', 170720, 6016.6667148, 0),
(329, 1, '2017-09-14', 161920, 5733.3333792, 0),
(330, 1, '2017-09-15', 133760, 4597.222259, 0),
(331, 1, '2017-09-16', 66880, 2222.22224, 0),
(332, 1, '2017-09-17', 151360, 5319.444487, 0),
(333, 1, '2017-09-18', 154880, 5600.0000448, 0),
(334, 1, '2017-09-19', 147840, 5211.1111528, 0),
(335, 1, '2017-09-20', 176000, 6202.7778274, 0),
(336, 1, '2017-09-21', 146080, 5194.444486, 0),
(337, 1, '2017-09-22', 153120, 5333.333376, 0),
(338, 1, '2017-09-23', 128480, 4541.666703, 0),
(339, 1, '2017-09-24', 153120, 5411.1111544, 0),
(340, 1, '2017-09-25', 36960, 1122.2222312, 0),
(341, 1, '2017-09-26', 29920, 947.2222298, 0),
(342, 1, '2017-09-27', 49280, 1436.1111226, 0),
(343, 1, '2017-09-28', 161920, 5411.1111544, 0),
(344, 1, '2017-09-29', 130240, 4244.4444784, 0),
(345, 1, '2017-09-30', 123200, 4088.8889216, 0),
(346, 1, '2017-10-01', 77440, 2458.333353, 0),
(347, 1, '2017-10-02', 47520, 1544.4444568, 0),
(348, 1, '2017-10-03', 38720, 1100, 1598.48),
(349, 1, '2017-10-04', 70400, 1994.4444604, 0),
(350, 1, '2017-10-05', 89760, 2825.0000226, 0),
(351, 1, '2017-10-06', 177760, 5980.5556034, 0),
(352, 1, '2017-10-07', 24640, 822.2222288, 0),
(353, 1, '2017-10-08', 21120, 611.111116, 0),
(354, 1, '2017-10-09', 17600, 594.4444492, 0),
(355, 1, '2017-10-10', 15840, 519.4444486, 0),
(356, 1, '2017-10-11', 59840, 1727.7777916, 0),
(357, 1, '2017-10-12', 147840, 4883.3333724, 0),
(358, 1, '2017-10-13', 123200, 3932.77780924, 0),
(359, 1, '2017-10-14', 52800, 1593.88890164, 0),
(360, 1, '2017-10-15', 42240, 1244.4444544, 0),
(361, 1, '2017-10-16', 21120, 622.2222272, 0),
(362, 1, '2017-10-17', 19360, 536.1111154, 0),
(363, 1, '2017-10-18', 82720, 2463.8889086, 0),
(364, 1, '2017-10-19', 130240, 4580.556, 5802.5),
(365, 1, '2017-10-20', 158400, 5402.778, 4609.52),
(366, 1, '2017-10-21', 132000, 4363.8889238, 0),
(367, 1, '2017-10-22', 35200, 1041.666675, 0),
(368, 1, '2017-10-23', 63360, 1916.666682, 0),
(369, 1, '2017-10-24', 137280, 4622.2222592, 0),
(370, 1, '2017-10-25', 33440, 980.5555634, 0),
(371, 1, '2017-10-26', 140800, 4738.8889268, 0),
(372, 1, '2017-10-27', 154880, 5086.1111518, 0),
(373, 1, '2017-10-28', 130240, 4352.7778126, 0),
(374, 1, '2017-10-29', 179520, 5838.8889356, 0),
(375, 1, '2017-10-30', 170720, 5658.3333786, 0),
(376, 1, '2017-10-31', 26400, 812.77778428, 0),
(377, 1, '2017-11-01', 98560, 3150.0000252, 0),
(378, 1, '2017-11-02', 156640, 5208.333375, 0),
(379, 1, '2017-11-03', 135520, 4405.5555908, 0),
(380, 1, '2017-11-04', 156640, 5066.6667072, 0),
(381, 1, '2017-11-05', 128480, 4180.555589, 0),
(382, 1, '2017-11-06', 123200, 4147.222, 12233.95),
(383, 1, '2017-11-07', 117920, 4211.111, 17077.21),
(384, 1, '2017-11-08', 107360, 3705.556, 10583.9),
(385, 1, '2017-11-09', 68640, 2305.556, 7312.21),
(386, 1, '2017-11-10', 137280, 5227.778, 20188),
(387, 1, '2017-11-11', 130240, 4447.222, 12113.29),
(388, 1, '2017-11-12', 65120, 1988.8889048, 0),
(389, 1, '2017-11-13', 126720, 3986.111143, 0),
(390, 1, '2017-11-14', 151360, 4722.22226, 0),
(391, 1, '2017-11-15', 153120, 4855.5555944, 0),
(392, 1, '2017-11-16', 103840, 3436.1111386, 0),
(393, 1, '2017-11-17', 100320, 2958.333357, 0),
(394, 1, '2017-11-18', 156640, 4911.1111504, 0),
(395, 1, '2017-11-19', 31680, 855.5555624, 0),
(396, 1, '2017-11-20', 139040, 4933.333, 18215.84),
(397, 1, '2017-11-21', 114400, 4636.111, 32908.41),
(398, 1, '2017-11-22', 124960, 5033.333, 36137.1),
(399, 1, '2017-11-23', 128480, 5375, 34440),
(400, 1, '2017-11-24', 119680, 4844.444, 33246),
(401, 1, '2017-11-25', 140800, 4952.778, 18142.19),
(402, 1, '2017-11-26', 135520, 4186.1111446, 0),
(403, 1, '2017-11-27', 72160, 2119.4444614, 0),
(404, 1, '2017-11-28', 117820, 3686.1111406, 0),
(405, 1, '2017-11-29', 45760, 1280.5555658, 0),
(406, 1, '2017-11-30', 132000, 4075.0000326, 0),
(407, 1, '2017-12-01', 133760, 4183.3333668, 0),
(408, 1, '2017-12-02', 135520, 4352.7778126, 0),
(409, 1, '2017-12-03', 61600, 1969.4444602, 0),
(410, 1, '2017-12-04', 68640, 2222.22224, 0),
(411, 1, '2017-12-05', 165440, 5250.000042, 0),
(412, 1, '2017-12-06', 158400, 5052.7778182, 0),
(413, 1, '2017-12-07', 123200, 3833.333364, 0),
(414, 1, '2017-12-08', 160160, 5072.2222628, 0),
(415, 1, '2017-12-09', 98560, 2938.8889124, 0),
(416, 1, '2017-12-10', 160160, 4988.8889288, 0),
(417, 1, '2017-12-11', 132000, 3883.3333644, 0),
(418, 1, '2017-12-12', 124960, 3744.4444744, 0),
(419, 1, '2017-12-13', 47520, 1352.7777886, 0),
(420, 1, '2017-12-14', 1760, 402.778, 9956.44),
(421, 1, '2017-12-15', 12320, 647.222, 9723.11),
(422, 1, '2017-12-16', 167200, 5063.8889294, 0),
(423, 1, '2017-12-17', 170720, 5130.5555966, 0),
(424, 1, '2017-12-18', 146080, 4894.444, 13025.61),
(425, 1, '2017-12-19', 135520, 4497.222, 11301.38),
(426, 1, '2017-12-20', 144320, 4852.778, 15915.09),
(427, 1, '2017-12-21', 154880, 4822.2222608, 0),
(428, 1, '2017-12-22', 107360, 3202.7778034, 0),
(429, 1, '2017-12-23', 77440, 2288.8889072, 0),
(430, 1, '2017-12-24', 156640, 4711.1111488, 0),
(431, 1, '2017-12-25', 144320, 4430.555591, 0),
(432, 1, '2017-12-26', 117920, 3283.3333596, 0),
(433, 1, '2017-12-27', 121440, 3686.1111406, 0),
(434, 1, '2017-12-28', 70400, 2233.3333512, 0),
(435, 1, '2017-12-29', 47520, 1466.6666784, 0),
(436, 1, '2017-12-30', 132000, 4036.1111434, 0),
(437, 1, '2017-12-31', 133760, 4047.2222546, 0),
(438, 1, '2018-01-01', 110880, 3372.222, 12549.56),
(439, 1, '2018-01-02', 45760, 1316.6666772, 0),
(440, 1, '2018-01-03', 45760, 1250.00001, 0),
(441, 1, '2018-01-04', 1760, 608.333, 23731.15),
(442, 1, '2018-01-05', 75680, 3202.778, 28742.67),
(443, 1, '2018-01-06', 33440, 847.222229, 0),
(444, 1, '2018-01-07', 51040, 1550.0000124, 0),
(445, 1, '2018-01-08', 186560, 4802.7778162, 0),
(446, 1, '2018-01-09', 156640, 4888.889, 30277.51),
(447, 1, '2018-01-10', 160160, 4988.889, 30950.34),
(448, 1, '2018-01-11', 146080, 4583.333, 28259.01),
(449, 1, '2018-01-12', 147840, 4738.889, 28797.28),
(450, 1, '2018-01-13', 153120, 4230.556, 3909.37),
(451, 1, '2018-01-14', 147840, 4144.444, 3784.98),
(452, 1, '2018-01-15', 40480, 1155.556, 1012.88),
(453, 1, '2018-01-16', 77440, 2144.4444616, 0),
(454, 1, '2018-01-17', 91520, 2475.0000198, 0),
(455, 1, '2018-01-18', 52800, 1383.3333444, 0),
(456, 1, '2018-01-19', 147840, 4041.666699, 0),
(457, 1, '2018-01-20', 124960, 3469.4444722, 0),
(458, 1, '2018-01-21', 35200, 847.222229, 0),
(459, 1, '2018-01-22', 14080, 413.8888922, 0),
(460, 1, '2018-01-23', 10560, 550, 10664.43),
(461, 1, '2018-01-24', 61600, 1769.4444586, 0),
(462, 1, '2018-01-25', 70400, 1819.444459, 0),
(463, 1, '2018-01-26', 112640, 2986.111135, 0),
(464, 1, '2018-01-27', 22880, 938.889, 8618.75),
(465, 1, '2018-01-28', 15840, 980.556, 18457.45),
(466, 1, '2018-01-29', 174240, 4725.0000378, 0),
(467, 1, '2018-01-30', 89760, 2336.1111298, 0),
(468, 1, '2018-01-31', 163680, 4441.6667022, 0),
(469, 1, '2018-02-01', 177760, 4846.66670544, 0),
(470, 1, '2018-02-02', 207680, 5575.0000446, 0),
(471, 1, '2018-02-03', 193600, 5263.888931, 0),
(472, 1, '2018-02-04', 197120, 5402.777821, 0),
(473, 1, '2018-02-05', 183040, 4961.1111508, 0),
(474, 1, '2018-02-06', 186560, 5072.2222628, 0),
(475, 1, '2018-02-07', 172480, 4727.7778156, 0),
(476, 1, '2018-02-08', 174240, 4730.5555934, 0),
(477, 1, '2018-02-09', 139040, 3861.111142, 0),
(478, 1, '2018-02-10', 172480, 4633.3333704, 0),
(479, 1, '2018-02-11', 209440, 5591.6667114, 0),
(480, 1, '2018-02-12', 220000, 5900.0000472, 0),
(481, 1, '2018-02-13', 198880, 5625.000045, 0),
(482, 1, '2018-02-14', 102080, 2705.5555772, 0),
(483, 1, '2018-02-15', 139040, 3630.5555846, 0),
(484, 1, '2018-02-16', 156640, 4336.1111458, 0),
(485, 1, '2018-02-17', 31680, 855.5555624, 0),
(486, 1, '2018-02-18', 91520, 2591.6666874, 0),
(487, 1, '2018-02-19', 96800, 2811.1111336, 0),
(488, 1, '2018-02-20', 24640, 700.0000056, 0),
(489, 1, '2018-02-21', 158400, 4561.1111476, 0),
(490, 1, '2018-02-22', 202400, 5652.777823, 0),
(491, 1, '2018-02-23', 195360, 5558.3333778, 0),
(492, 1, '2018-02-24', 150500, 4008.3333654, 0),
(493, 1, '2018-02-25', 188320, 5166.666708, 0),
(494, 1, '2018-02-26', 177760, 5147.2222634, 0),
(495, 1, '2018-02-27', 38720, 1069.444453, 0),
(496, 1, '2018-02-28', 139040, 3805.555586, 0),
(497, 1, '2018-03-01', 163680, 4330.5555902, 0),
(498, 1, '2018-03-02', 202400, 5588.8889336, 0),
(499, 1, '2018-03-03', 153120, 4244.4444784, 0),
(500, 1, '2018-03-04', 12320, 419.4444478, 0),
(501, 1, '2018-03-05', 110880, 2772.2222444, 0),
(502, 1, '2018-03-06', 95040, 2341.6666854, 0),
(503, 1, '2018-03-07', 168960, 4511.1111472, 0),
(504, 1, '2018-03-08', 205920, 5527.777822, 0),
(505, 1, '2018-03-09', 218240, 6047.2222706, 0),
(506, 1, '2018-03-10', 177760, 5000.00004, 0),
(507, 2, '2018-01-01', 5669.59, 588.21, 0),
(508, 2, '2018-01-02', 2276.9, 232.88, 0),
(509, 2, '2018-01-03', 3647.8, 385.57, 0),
(510, 2, '2018-01-04', 20530.22, 2253.29, 0),
(511, 2, '2018-01-05', 4162.79, 430.08, 0),
(512, 2, '2018-01-06', 3623.96, 355.69, 0),
(513, 2, '2018-01-07', 1933.57, 185.29, 0),
(514, 2, '2018-01-08', 34258.37, 3793.35, 0),
(515, 2, '2018-01-09', 24271.01, 2605.21, 0),
(516, 2, '2018-01-10', 25434.49, 2815.17, 0),
(517, 2, '2018-01-11', 15873.91, 1729.06, 0),
(518, 2, '2018-01-12', 32963.75, 3678.75, 0),
(519, 2, '2018-01-13', 8268.36, 860.08, 0),
(520, 2, '2018-01-14', 3736.02, 370.07, 0),
(521, 2, '2018-01-15', 10712.15, 1122, 0),
(522, 2, '2018-01-16', 4177.09, 445.83, 0),
(523, 2, '2018-01-17', 22146.7, 2386.46, 0),
(524, 2, '2018-01-18', 3869.53, 406.11, 0),
(525, 2, '2018-01-19', 15163.42, 1619.29, 0),
(526, 2, '2018-01-20', 1025.2, 90.63, 0),
(527, 2, '2018-01-21', 3356.93, 360.69, 0),
(528, 2, '2018-01-22', 4525.18, 497.42, 0),
(529, 2, '2018-01-23', 6713.87, 739.17, 0),
(530, 2, '2018-01-24', 38306.71, 4143.65, 0),
(531, 2, '2018-01-25', 1730.92, 165.17, 0),
(532, 2, '2018-01-26', 31075.48, 3377.09, 0),
(533, 2, '2018-01-27', 30097.96, 3387.74, 0),
(534, 2, '2018-01-28', 41053.3, 4516.67, 0),
(535, 2, '2018-01-29', 16369.82, 1909.96, 0),
(536, 2, '2018-01-30', 4000.66, 398.94, 0),
(537, 2, '2018-01-31', 8628.31, 946.26, 0),
(538, 2, '2018-02-01', 19476.45, 2141.13, 0),
(539, 2, '2018-02-02', 33969.88, 3822.29, 0),
(540, 2, '2018-02-03', 7178.78, 739.13, 0),
(541, 2, '2018-02-04', 31850.34, 3591.5, 0),
(542, 2, '2018-02-05', 6408.69, 643.69, 0),
(543, 2, '2018-02-06', 25565.62, 2835.67, 0),
(544, 2, '2018-02-07', 20573.14, 2176.42, 0),
(545, 2, '2018-02-08', 10225.77, 1051.33, 0),
(546, 2, '2018-02-09', 13625.62, 1408.38, 0),
(547, 2, '2018-02-10', 36752.22, 4130.42, 0),
(548, 2, '2018-02-11', 10168.55, 1068.94, 0),
(549, 2, '2018-02-12', 43053.63, 4866.54, 0),
(550, 2, '2018-02-13', 16282.38, 1755.46, 0),
(551, 2, '2018-02-14', 4661.08, 479.23, 0),
(552, 2, '2018-02-15', 15237.33, 1690.08, 0),
(553, 2, '2018-02-16', 16062.26, 1831.04, 0),
(554, 2, '2018-02-17', 33500.19, 3919.61, 0),
(555, 2, '2018-02-18', 6198.88, 637.17, 0),
(556, 2, '2018-02-19', 7531.64, 811.17, 0),
(557, 2, '2018-02-20', 8068.08, 862.57, 0),
(558, 2, '2018-02-21', 49583.91, 5616.29, 0),
(559, 2, '2018-02-22', 46629.91, 5308.25, 0),
(560, 2, '2018-02-23', 35750.87, 3957.61, 0),
(561, 2, '2018-02-24', 42119.03, 4813.34, 0),
(562, 2, '2018-02-25', 49192.91, 5579.58, 0),
(563, 2, '2018-02-26', 55189.13, 6291.89, 0),
(564, 2, '2018-02-27', 55296.42, 6400.04, 0),
(565, 2, '2018-02-28', 7324.22, 1178.34, 3881.88),
(566, 2, '2018-03-01', 15971.66, 1666.81, 0),
(567, 2, '2018-03-02', 36106.11, 4186.79, 0),
(568, 2, '2018-03-03', 52576.07, 6129, 0),
(569, 2, '2018-03-04', 30059.81, 3414.28, 0),
(570, 2, '2018-03-05', 33159.26, 3723.83, 0),
(571, 2, '2018-03-06', 35099.98, 4046.92, 0),
(572, 2, '2018-03-07', 34172.54, 4117.85, 0),
(573, 2, '2018-03-08', 51765.44, 6052.96, 0),
(574, 2, '2018-03-09', 19505.02, 2149.83, 0),
(575, 2, '2018-03-10', 14598.37, 1602.12, 0),
(576, 2, '2018-03-11', 36032.2, 4071.13, 0),
(577, 2, '2018-03-12', 27813.91, 3360.33, 0),
(578, 2, '2018-03-13', 39851.67, 4852.03, 0),
(579, 2, '2018-03-14', 22938.25, 2500.33, 0),
(580, 2, '2018-03-15', 45261.38, 5498.17, 0),
(581, 2, '2018-03-16', 42419.43, 5410.19, 0),
(582, 2, '2018-03-17', 17988, 2014.45, 0),
(583, 2, '2018-03-18', 37155.15, 4543.13, 0),
(584, 2, '2018-03-19', 16968.25, 1817, 0),
(585, 2, '2018-03-20', 21388.53, 2416.65, 0),
(586, 2, '2018-03-21', 53806.3, 6615.42, 0),
(587, 2, '2018-03-22', 58178.9, 7092.83, 0),
(588, 2, '2018-03-23', 11084.08, 1155.24, 0),
(589, 2, '2018-03-24', 16758.44, 1764.75, 0),
(590, 2, '2018-03-25', 16396.05, 1764.29, 0),
(591, 2, '2018-03-26', 30777.45, 3859.9, 0),
(592, 2, '2018-03-27', 7674.69, 818.44, 0),
(593, 2, '2018-03-28', 14469.62, 1568.83, 0),
(594, 2, '2018-03-29', 43718.81, 5624.17, 0),
(595, 2, '2018-03-30', 49743.65, 6341.91, 0),
(596, 2, '2018-03-31', 38201.95, 4133.63, 0),
(597, 2, '2018-04-01', 48863.89, 5615.04, 0),
(598, 2, '2018-04-02', 21114.35, 2349.58, 0),
(599, 2, '2018-04-03', 30360.22, 3583.33, 0),
(600, 2, '2018-04-04', 39069.65, 4518.79, 0),
(601, 2, '2018-04-05', 53825.38, 6698.44, 0),
(602, 2, '2018-04-06', 52158.83, 6573.88, 0),
(603, 2, '2018-04-07', 5924.7, 621.42, 0),
(604, 2, '2018-04-08', 11997.22, 1301.91, 0),
(605, 2, '2018-04-09', 38490.3, 5136.46, 0),
(606, 2, '2018-04-10', 20949.84, 2245.33, 0),
(607, 2, '2018-04-11', 15666.48, 1657.53, 0),
(608, 2, '2018-04-12', 26967.53, 3010.17, 0),
(609, 2, '2018-04-13', 37474.63, 4500.08, 0),
(610, 2, '2018-04-14', 35986.9, 4702.07, 0),
(611, 2, '2018-04-15', 32036.3, 3850.79, 0),
(612, 2, '2018-04-16', 20267.96, 2252.29, 0),
(613, 2, '2018-04-17', 59952.74, 7665.24, 0),
(614, 2, '2018-04-18', 59795.38, 7753.33, 0),
(615, 2, '2018-04-19', 57413.58, 7394.38, 0),
(616, 2, '2018-04-20', 58109.76, 7485.38, 0),
(617, 2, '2018-04-21', 57079.79, 7323.92, 0),
(618, 2, '2018-04-22', 51372.05, 6368.92, 0),
(619, 2, '2018-04-23', 16636.85, 1909.29, 0),
(620, 2, '2018-04-24', 54137.71, 7041.83, 0),
(621, 2, '2018-04-25', 30086.04, 3764.63, 0),
(622, 2, '2018-04-26', 45089.72, 5711.91, 0),
(623, 2, '2018-04-27', 37052.63, 4402.67, 0),
(624, 2, '2018-04-28', 15013.22, 1638.63, 0),
(625, 2, '2018-04-29', 31495.09, 3646.73, 0),
(626, 2, '2018-04-30', 12752.25, 1387.5, 0),
(627, 2, '2018-05-01', 48656.46, 6255.21, 0),
(628, 2, '2018-05-02', 39355.75, 4474.28, 0),
(629, 2, '2018-05-03', 12657.64, 1367.71, 0),
(630, 2, '2018-05-04', 59890.75, 7609.46, 0),
(631, 2, '2018-05-05', 42076.11, 5299.74, 0),
(632, 2, '2018-05-06', 59204.1, 7612.54, 0),
(633, 2, '2018-05-07', 57485.1, 7461.67, 0),
(634, 2, '2018-05-08', 34093.86, 4283.79, 0),
(635, 2, '2018-05-09', 43630.6, 5427.71, 0),
(636, 2, '2018-05-10', 47309.4, 6152.13, 0),
(637, 2, '2018-05-11', 56185.72, 7276.7, 0),
(638, 2, '2018-05-12', 10535.72, 1137.21, 0),
(639, 2, '2018-05-13', 49915.31, 6499.54, 0),
(640, 2, '2018-05-14', 29175.28, 3255.2, 0),
(641, 2, '2018-05-15', 40795.8, 4893.96, 0),
(642, 2, '2018-05-16', 52573.68, 6701.5, 0),
(643, 2, '2018-05-17', 31027.79, 3723.78, 0),
(644, 2, '2018-05-18', 41091.44, 5499.13, 0),
(645, 2, '2018-05-19', 56247.71, 7294.71, 0),
(646, 2, '2018-05-20', 48789.98, 6437.91, 0),
(647, 2, '2018-05-21', 45642.85, 6179.58, 0),
(648, 2, '2018-05-22', 56428.91, 7641.21, 0),
(649, 2, '2018-05-23', 55830.48, 7509.63, 0),
(650, 2, '2018-05-24', 43766.5, 5928.42, 0),
(651, 2, '2018-05-25', 20065.31, 2356.25, 0),
(652, 2, '2018-05-26', 22788.05, 2813.29, 0),
(653, 2, '2018-05-27', 37941.93, 4848.62, 0),
(654, 2, '2018-05-28', 14538.76, 1666.92, 0),
(655, 2, '2018-05-29', 25999.55, 4559.2, 10499.55),
(656, 2, '2018-05-30', 27198.79, 4757.25, 10023.13),
(657, 2, '2018-05-31', 23693.65, 4195.88, 9839.32),
(658, 2, '2018-06-01', 37708.28, 4710.25, 0),
(659, 2, '2018-06-02', 45595.17, 5806.75, 0),
(660, 2, '2018-06-03', 44736.86, 5942.88, 0),
(661, 2, '2018-06-04', 28362.27, 3416.17, 0),
(662, 2, '2018-06-05', 13666.15, 1522.04, 0),
(663, 2, '2018-06-06', 34811.5, 4356.42, 0),
(664, 2, '2018-06-07', 38815.02, 5004, 0),
(665, 2, '2018-06-08', 49578.67, 6349.5, 0),
(666, 2, '2018-06-09', 28538.7, 3565.21, 0),
(667, 2, '2018-06-10', 34518.24, 4323.25, 0),
(668, 2, '2018-06-11', 33073.43, 4156, 0),
(669, 2, '2018-06-12', 34151.08, 4151.13, 0),
(670, 2, '2018-06-13', 50169.94, 6652.95, 0),
(671, 2, '2018-06-14', 47238.35, 6242.13, 0),
(672, 2, '2018-06-15', 26702.88, 3107.21, 0),
(673, 2, '2018-06-16', 48723.22, 6491.37, 0),
(674, 2, '2018-06-17', 46734.81, 6345.21, 0),
(675, 2, '2018-06-18', 28185.84, 4119, 4593.14),
(676, 2, '2018-06-19', 35721.78, 6967.54, 13886.12),
(677, 2, '2018-06-20', 58151.25, 8084.42, 0),
(678, 2, '2018-06-21', 42106.63, 5602.42, 0),
(679, 2, '2018-06-22', 61920.17, 8372.79, 0),
(680, 2, '2018-06-23', 62233.92, 8533.71, 0),
(681, 2, '2018-06-24', 57964.32, 7805.75, 0),
(682, 2, '2018-06-25', 59986.11, 8237.21, 0),
(683, 2, '2018-06-26', 57907.1, 8183.13, 0),
(684, 2, '2018-06-27', 41589.74, 5781.79, 0),
(685, 2, '2018-06-28', 49600.6, 6966.58, 0),
(686, 2, '2018-06-29', 55659.29, 7807.71, 0),
(687, 2, '2018-06-30', 50558.66, 7246.75, 0),
(688, 2, '2018-07-01', 51811.75, 7081.82, 0),
(689, 2, '2018-07-02', 48440, 6914.57, 0),
(690, 2, '2018-07-03', 38702.96, 5142.05, 0),
(691, 2, '2018-07-04', 30625.34, 3990.33, 0),
(692, 2, '2018-07-05', 46733.86, 6505.88, 0),
(693, 2, '2018-07-06', 31025.89, 3866.32, 0),
(694, 2, '2018-07-07', 57127.95, 7776.54, 0),
(695, 2, '2018-07-08', 57106.02, 7757.67, 0),
(696, 2, '2018-07-09', 51776.89, 6905.63, 0),
(697, 2, '2018-07-10', 55683.14, 7666.83, 0),
(698, 2, '2018-07-11', 48656.46, 6661.21, 0),
(699, 2, '2018-07-12', 58471.68, 7949.13, 0),
(700, 2, '2018-07-13', 49579.62, 6621.79, 0),
(701, 2, '2018-07-14', 58161.74, 7923.42, 0),
(702, 2, '2018-07-15', 54035.19, 7455.26, 0),
(703, 2, '2018-07-16', 43877.26, 5953.75, 0),
(704, 2, '2018-07-17', 46195.98, 6412.21, 0),
(705, 2, '2018-07-18', 46510.7, 6236.75, 0),
(706, 2, '2018-07-19', 54388.05, 7432.42, 0),
(707, 2, '2018-07-20', 37918.09, 4915.21, 0),
(708, 2, '2018-07-21', 39429.66, 5015.13, 0),
(709, 2, '2018-07-22', 41990.28, 5784.08, 0),
(710, 2, '2018-07-23', 58670.04, 8032.54, 0),
(711, 2, '2018-07-24', 39668.08, 5361.13, 0),
(712, 2, '2018-07-25', 56443.21, 7704.75, 0),
(713, 2, '2018-07-26', 54049.49, 7374.08, 0),
(714, 2, '2018-07-27', 43277.74, 5759.92, 0),
(715, 2, '2018-07-28', 27508.74, 3395.84, 0),
(716, 2, '2018-07-29', 50549.51, 6953.25, 0),
(717, 2, '2018-07-30', 51054.95, 7003.71, 0),
(718, 2, '2018-07-31', 31461.72, 4099.8, 0),
(719, 3, '2018-01-01', 6837.84, 599.48, 0),
(720, 3, '2018-01-02', 2732.28, 248.33, 0),
(721, 3, '2018-01-03', 4410.74, 402.38, 0),
(722, 3, '2018-01-04', 25329.59, 2218.51, 0),
(723, 3, '2018-01-05', 5016.33, 441.92, 0),
(724, 3, '2018-01-06', 4401.21, 365.21, 0),
(725, 3, '2018-01-07', 2298.36, 192.79, 0),
(726, 3, '2018-01-08', 43253.9, 3821.17, 0),
(727, 3, '2018-01-09', 29721.26, 2581.67, 0),
(728, 3, '2018-01-10', 31337.74, 2771.52, 0),
(729, 3, '2018-01-11', 19335.75, 1689.21, 0),
(730, 3, '2018-01-12', 41255.95, 3661.08, 0),
(731, 3, '2018-01-13', 10037.42, 854.15, 0),
(732, 3, '2018-01-14', 4501.34, 382.08, 0),
(733, 3, '2018-01-15', 12784, 1142.33, 0),
(734, 3, '2018-01-16', 5054.47, 460.42, 0),
(735, 3, '2018-01-17', 27098.66, 2340.67, 0),
(736, 3, '2018-01-18', 4663.47, 413.99, 0),
(737, 3, '2018-01-19', 18439.29, 1614.5, 0),
(738, 3, '2018-01-20', 1177.79, 103.21, 0),
(739, 3, '2018-01-21', 3161.43, 372.36, 0),
(740, 3, '2018-01-22', 5211.83, 509.21, 0),
(741, 3, '2018-01-23', 6313.32, 731.71, 0),
(742, 3, '2018-01-24', 43172.84, 4057.14, 0),
(743, 3, '2018-01-25', 2012.25, 169.08, 0),
(744, 3, '2018-01-26', 38161.28, 3302.71, 0),
(745, 3, '2018-01-27', 38905.14, 3414.49, 0),
(746, 3, '2018-01-28', 50859.45, 4420.71, 0),
(747, 3, '2018-01-29', 20699.5, 1870.33, 0),
(748, 3, '2018-01-30', 5054.47, 426.74, 0),
(749, 3, '2018-01-31', 10837.1, 947.54, 0),
(750, 3, '2018-02-01', 24733.54, 2141.13, 0),
(751, 3, '2018-02-02', 43306.35, 3822.29, 0),
(752, 3, '2018-02-03', 8659.36, 742.87, 0),
(753, 3, '2018-02-04', 42195.32, 3699.96, 0),
(754, 3, '2018-02-05', 7810.59, 652.18, 0),
(755, 3, '2018-02-06', 32420.16, 2812.49, 0),
(756, 3, '2018-02-07', 25248.53, 2127.75, 0),
(757, 3, '2018-02-08', 12454.99, 1051.33, 0),
(758, 3, '2018-02-09', 16632.08, 1415.28, 0),
(759, 3, '2018-02-10', 46062.47, 4044.58, 0),
(760, 3, '2018-02-11', 12378.69, 1087.25, 0),
(761, 3, '2018-02-12', 53825.38, 4760.1, 0),
(762, 3, '2018-02-13', 20613.67, 1755.46, 0),
(763, 3, '2018-02-14', 5626.68, 478, 0),
(764, 3, '2018-02-15', 18672.94, 1722.06, 0),
(765, 3, '2018-02-16', 19688.61, 1812.25, 0),
(766, 3, '2018-02-17', 43978.69, 3981, 0),
(767, 3, '2018-02-18', 7500.65, 651.03, 0),
(768, 3, '2018-02-19', 9078.98, 822.92, 0),
(769, 3, '2018-02-20', 9770.39, 875.42, 0),
(770, 3, '2018-02-21', 63343.05, 5549.82, 0),
(771, 3, '2018-02-22', 60305.6, 5316.75, 0),
(772, 3, '2018-02-23', 43969.15, 3926.88, 0),
(773, 3, '2018-02-24', 52390.1, 4796.54, 0),
(774, 3, '2018-02-25', 60939.79, 5458.79, 0),
(775, 3, '2018-02-26', 71802.14, 6216.13, 0),
(776, 3, '2018-02-27', 72393.42, 6321.88, 0),
(777, 3, '2018-02-28', 8468.68, 1172.46, 0),
(778, 3, '2018-03-01', 19416.81, 1672.17, 0),
(779, 3, '2018-03-02', 46420.1, 4187.24, 0),
(780, 3, '2018-03-03', 67791.94, 6069.54, 0),
(781, 3, '2018-03-04', 37565.23, 3380.96, 0),
(782, 3, '2018-03-05', 41165.35, 3704.9, 0),
(783, 3, '2018-03-06', 44884.68, 4043.54, 0),
(784, 3, '2018-03-07', 43988.23, 4073.25, 0),
(785, 3, '2018-03-08', 65884.59, 5987.82, 0),
(786, 3, '2018-03-09', 23918.15, 2160.42, 0),
(787, 3, '2018-03-10', 17776.49, 1614.58, 0),
(788, 3, '2018-03-11', 44279.1, 4003.18, 0),
(789, 3, '2018-03-12', 36287.31, 3358.75, 0),
(790, 3, '2018-03-13', 50749.78, 4814.92, 0),
(791, 3, '2018-03-14', 27952.19, 2516.52, 0),
(792, 3, '2018-03-15', 58975.22, 5513.25, 0),
(793, 3, '2018-03-16', 55060.39, 5291.04, 0),
(794, 3, '2018-03-17', 31247.14, 2781.9, 0),
(795, 3, '2018-03-18', 46935.08, 4458.63, 0),
(796, 3, '2018-03-19', 20933.15, 1813.63, 0),
(797, 3, '2018-03-20', 26783.94, 2401.73, 0),
(798, 3, '2018-03-21', 70095.06, 6596.83, 0),
(799, 3, '2018-03-22', 75249.67, 6979.13, 0),
(800, 3, '2018-03-23', 13494.49, 1167.86, 0),
(801, 3, '2018-03-24', 20337.1, 1780.75, 0),
(802, 3, '2018-03-25', 20070.08, 1785.17, 0),
(803, 3, '2018-03-26', 40020.94, 3840.06, 0),
(804, 3, '2018-03-27', 9245.87, 830.03, 0),
(805, 3, '2018-03-28', 17600.06, 1592.08, 0),
(806, 3, '2018-03-29', 56643.49, 5590.08, 0),
(807, 3, '2018-03-30', 64964.29, 6276.15, 0),
(808, 3, '2018-03-31', 41542.07, 4225.44, 0),
(809, 3, '2018-04-01', 60334.21, 5633.21, 0),
(810, 3, '2018-04-02', 25782.59, 2362.02, 0),
(811, 3, '2018-04-03', 37889.48, 3601.83, 0),
(812, 3, '2018-04-04', 48270.23, 4529.25, 0),
(813, 3, '2018-04-05', 68373.68, 6657.52, 0),
(814, 3, '2018-04-06', 66332.82, 6584, 0),
(815, 3, '2018-04-07', 7114.41, 632.63, 0),
(816, 3, '2018-04-08', 14925, 1351.47, 0),
(817, 3, '2018-04-09', 50520.9, 5059.54, 0),
(818, 3, '2018-04-10', 25691.99, 2286.92, 0),
(819, 3, '2018-04-11', 19083.02, 1686.85, 0),
(820, 3, '2018-04-12', 32229.42, 2993.42, 0),
(821, 3, '2018-04-13', 47168.73, 4567.88, 0),
(822, 3, '2018-04-14', 46324.73, 4655, 0),
(823, 3, '2018-04-15', 40740.97, 3899.77, 0),
(824, 3, '2018-04-16', 24547.58, 2254.63, 0),
(825, 3, '2018-04-17', 76155.66, 7667, 0),
(826, 3, '2018-04-18', 75745.58, 7753.93, 0),
(827, 3, '2018-04-19', 71835.52, 7388.67, 0),
(828, 3, '2018-04-20', 73337.55, 7510.38, 0),
(829, 3, '2018-04-21', 71868.9, 7390.01, 0),
(830, 3, '2018-04-22', 64525.6, 6393.75, 0),
(831, 3, '2018-04-23', 20251.27, 1898.58, 0),
(832, 3, '2018-04-24', 68230.63, 7045.56, 0),
(833, 3, '2018-04-25', 38590.43, 3850.17, 0),
(834, 3, '2018-04-26', 58512.69, 5872.13, 0),
(835, 3, '2018-04-27', 44937.13, 4399.06, 0),
(836, 3, '2018-04-28', 18157.96, 1654.88, 0),
(837, 3, '2018-04-29', 39148.33, 3645.79, 0),
(838, 3, '2018-04-30', 15196.99, 1402.74, 0),
(839, 3, '2018-05-01', 65631.87, 6677.75, 0),
(840, 3, '2018-05-02', 48103.33, 4492.5, 0),
(841, 3, '2018-05-03', 15587.81, 1402.73, 0),
(842, 3, '2018-05-04', 77691.08, 7658.83, 0),
(843, 3, '2018-05-05', 53119.66, 5274.88, 0),
(844, 3, '2018-05-06', 73122.98, 7544.01, 0),
(845, 3, '2018-05-07', 72293.28, 7440.29, 0),
(846, 3, '2018-05-08', 42800.9, 4292.71, 0),
(847, 3, '2018-05-09', 54345.13, 5461.18, 0),
(848, 3, '2018-05-10', 59623.72, 6019.25, 0),
(849, 3, '2018-05-11', 71983.34, 7353.54, 0),
(850, 3, '2018-05-12', 12922.29, 1150.52, 0),
(851, 3, '2018-05-13', 65279.01, 6617.92, 0),
(852, 3, '2018-05-14', 36263.47, 3306.38, 0),
(853, 3, '2018-05-15', 50468.44, 4853.06, 0),
(854, 3, '2018-05-16', 66947.94, 6680.88, 0),
(855, 3, '2018-05-17', 38561.82, 3730.07, 0),
(856, 3, '2018-05-18', 53281.78, 5521.42, 0),
(857, 3, '2018-05-19', 71082.12, 7307.71, 0),
(858, 3, '2018-05-20', 61450, 6328.47, 0),
(859, 3, '2018-05-21', 58155.06, 6094.33, 0),
(860, 3, '2018-05-22', 74176.79, 7741.04, 0),
(861, 3, '2018-05-23', 71616.17, 7583.96, 0),
(862, 3, '2018-05-24', 55432.32, 5929.88, 0),
(863, 3, '2018-05-25', 24609.57, 2360.54, 0),
(864, 3, '2018-05-26', 28681.76, 2844.88, 0),
(865, 3, '2018-05-27', 47454.83, 4818.88, 0),
(866, 3, '2018-05-28', 17852.78, 1690.42, 0),
(867, 3, '2018-05-29', 36830.9, 4541.88, 0),
(868, 3, '2018-05-30', 39267.54, 4665.75, 0),
(869, 3, '2018-05-31', 35595.89, 4229.46, 0),
(870, 3, '2018-06-01', 46515.46, 4738.59, 0),
(871, 3, '2018-06-02', 56080.82, 5846.13, 0),
(872, 3, '2018-06-03', 55770.87, 5993.79, 0),
(873, 3, '2018-06-04', 33969.88, 3342.17, 0),
(874, 3, '2018-06-05', 16498.57, 1545.54, 0),
(875, 3, '2018-06-06', 43077.47, 4384.67, 0),
(876, 3, '2018-06-07', 48518.18, 5054.13, 0),
(877, 3, '2018-06-08', 60529.71, 6390.64, 0),
(878, 3, '2018-06-09', 35295.49, 3592.04, 0),
(879, 3, '2018-06-10', 42958.26, 4423.09, 0),
(880, 3, '2018-06-11', 41594.51, 4274.04, 0),
(881, 3, '2018-06-12', 42443.28, 4279.33, 0),
(882, 3, '2018-06-13', 65026.28, 6941.51, 0),
(883, 3, '2018-06-14', 58798.79, 6183.08, 0),
(884, 3, '2018-06-15', 32801.63, 3153.33, 0),
(885, 3, '2018-06-16', 61259.27, 6452.59, 0),
(886, 3, '2018-06-17', 59456.83, 6323.33, 0),
(887, 3, '2018-06-18', 36745.07, 4097.88, 0),
(888, 3, '2018-06-19', 49166.68, 7115.92, 0),
(889, 3, '2018-06-20', 72250.37, 8168.71, 0),
(890, 3, '2018-06-21', 52456.86, 5506.79, 0),
(891, 3, '2018-06-22', 78215.6, 8487.87, 0),
(892, 3, '2018-06-23', 78854.56, 8622.71, 0),
(893, 3, '2018-06-24', 72846.41, 7904.83, 0),
(894, 3, '2018-06-25', 74524.88, 8319.96, 0),
(895, 3, '2018-06-26', 73094.37, 8254.13, 0),
(896, 3, '2018-06-27', 53429.6, 5781.79, 0),
(897, 3, '2018-06-28', 64949.99, 7106.7, 0),
(898, 3, '2018-06-29', 69150.92, 7631.92, 0),
(899, 3, '2018-06-30', 62987.83, 7399, 0),
(900, 3, '2018-07-01', 65422.06, 7182.37, 0),
(901, 3, '2018-07-02', 64520.84, 7097.92, 0),
(902, 3, '2018-07-03', 49638.75, 5327, 0),
(903, 3, '2018-07-04', 38604.74, 4042.33, 0),
(904, 3, '2018-07-05', 60338.97, 6485.38, 0),
(905, 3, '2018-07-06', 38199.42, 3936.54, 0),
(906, 3, '2018-07-07', 71220.4, 7849.29, 0),
(907, 3, '2018-07-08', 71177.48, 7814.71, 0),
(908, 3, '2018-07-09', 63920.02, 6948.25, 0),
(909, 3, '2018-07-10', 69937, 7693.95, 0),
(910, 3, '2018-07-11', 61872, 6836.54, 0),
(911, 3, '2018-07-12', 74503, 8055.17, 0),
(912, 3, '2018-07-13', 62017, 6691.12, 0),
(913, 3, '2018-07-14', 48889, 8035.92, 0),
(914, 3, '2018-07-15', 67656, 7497.83, 0),
(915, 3, '2018-07-16', 57164, 6038.29, 0),
(916, 3, '2018-07-17', 48820, 6683.13, 0),
(917, 3, '2018-07-18', 58866, 6300.62, 0),
(918, 3, '2018-07-19', 69133, 7579.75, 0),
(919, 3, '2018-07-20', 42868, 4985, 0),
(920, 3, '2018-07-21', 49755, 5068.5, 0),
(921, 3, '2018-07-22', 55094, 5968.75, 0),
(922, 3, '2018-07-23', 73520, 8089.59, 0),
(923, 3, '2018-07-24', 50690, 5409.25, 0),
(924, 3, '2018-07-25', 71262, 7819.38, 0),
(925, 3, '2018-07-26', 68212, 7461.04, 0),
(926, 3, '2018-07-27', 54554, 5812.88, 0),
(927, 3, '2018-07-28', 34528, 3450.88, 0),
(928, 3, '2018-07-29', 63828, 6945.01, 0),
(929, 3, '2018-07-30', 64725, 7182.96, 0),
(930, 3, '2018-07-31', 40214, 4167.96, 0),
(931, 2, '2018-08-01', 50745.01, 6876.17, 0),
(932, 2, '2018-08-02', 56037.9, 7777.83, 0),
(933, 2, '2018-08-03', 55193.9, 7770.47, 0),
(934, 2, '2018-08-04', 54650.31, 7508.08, 0),
(935, 2, '2018-08-05', 51102.64, 7099.08, 0),
(936, 2, '2018-08-06', 52466.39, 7416.34, 0),
(937, 2, '2018-08-07', 25057.79, 3180.58, 0),
(938, 2, '2018-08-08', 30879.97, 4144.75, 0),
(939, 2, '2018-08-09', 41112.9, 5635.96, 0),
(940, 2, '2018-08-10', 49262.05, 6733.96, 0),
(941, 2, '2018-08-11', 56567.19, 7540.33, 0),
(942, 2, '2018-08-12', 56285.86, 7422.26, 0),
(943, 2, '2018-08-13', 34041.41, 4439.33, 0),
(944, 2, '2018-08-14', 44584.27, 5980.04, 0),
(945, 2, '2018-08-15', 58708.19, 7784.29, 0),
(946, 2, '2018-08-16', 51455.5, 6667.5, 0),
(947, 2, '2018-08-17', 48089.03, 6465.67, 0),
(948, 2, '2018-08-18', 52752.5, 7093.08, 0),
(949, 2, '2018-08-19', 56800.84, 7466.04, 0),
(950, 2, '2018-08-20', 55704.12, 7251.5, 0),
(951, 2, '2018-08-21', 55966.38, 7511.05, 0),
(952, 2, '2018-08-22', 51212.31, 6877.92, 0),
(953, 2, '2018-08-23', 48875.81, 6555.25, 0),
(954, 2, '2018-08-24', 42991.64, 5534.75, 0),
(955, 2, '2018-08-25', 21119.12, 2478.08, 0),
(956, 2, '2018-08-26', 47822, 6311.13, 0),
(957, 2, '2018-08-27', 51774.98, 6758.46, 0),
(958, 2, '2018-08-28', 49133.3, 6547.13, 0),
(959, 2, '2018-08-29', 31995.77, 3983.75, 0),
(960, 2, '2018-08-30', 46415.33, 6050.71, 0),
(961, 2, '2018-08-31', 32348.63, 4120.67, 0),
(962, 2, '2018-09-01', 56872.37, 7394, 0),
(963, 2, '2018-09-02', 56376.46, 7441.88, 0),
(964, 2, '2018-09-03', 20012.86, 7320.71, 0),
(965, 2, '2018-09-04', 19669.53, 6861.33, 0),
(966, 2, '2018-09-05', 16994.48, 3557.83, 0),
(967, 2, '2018-09-06', 17528.53, 3666.38, 0),
(968, 2, '2018-09-07', 19335.75, 5660.38, 0),
(969, 2, '2018-09-08', 20585.06, 6932.71, 0),
(970, 2, '2018-09-09', 15792.85, 4568.42, 0),
(971, 2, '2018-09-10', 19330.98, 6205.58, 0),
(972, 2, '2018-09-11', 19512.18, 6914, 0),
(973, 2, '2018-09-12', 19235.61, 5988.13, 0),
(974, 2, '2018-09-13', 15406.61, 3050.96, 0),
(975, 2, '2018-09-14', 19879.34, 4741.87, 0),
(976, 2, '2018-09-15', 55217.74, 7132.38, 0),
(977, 2, '2018-09-16', 46424.87, 5950.75, 0),
(978, 2, '2018-09-17', 46072.01, 6081.42, 0),
(979, 2, '2018-09-18', 37984.85, 4885.42, 0),
(980, 2, '2018-09-19', 45037.27, 5764.29, 0),
(981, 2, '2018-09-20', 50272.94, 6491.54, 0),
(982, 2, '2018-09-21', 12755.39, 1526.04, 0),
(983, 2, '2018-09-22', 52094.46, 6554.79, 0),
(984, 2, '2018-09-23', 42204.86, 5349.92, 0),
(985, 2, '2018-09-24', 55980.68, 6962.96, 0),
(986, 2, '2018-09-25', 54845.81, 6830.04, 0),
(987, 2, '2018-09-26', 52075.39, 6526.33, 0),
(988, 2, '2018-09-27', 49667.36, 6435.38, 0),
(989, 2, '2018-09-28', 44503.21, 5601.25, 0),
(990, 2, '2018-09-29', 52418.71, 6554.29, 0),
(991, 2, '2018-09-30', 50506.59, 6307.71, 0),
(992, 2, '2018-10-01', 33888.82, 4195.75, 0),
(993, 2, '2018-10-02', 51131.25, 6236.28, 0),
(994, 2, '2018-10-03', 50539.97, 6237.88, 0),
(995, 2, '2018-10-04', 50020.22, 6284, 0),
(996, 2, '2018-10-05', 47669.41, 6146.62, 0),
(997, 2, '2018-10-06', 20294.19, 2539.08, 0),
(998, 2, '2018-10-07', 6189.35, 683.75, 0),
(999, 2, '2018-10-08', 4997.25, 563.78, 0),
(1000, 2, '2018-10-09', 22716.52, 2727.33, 0),
(1001, 2, '2018-10-10', 39448.74, 4883.17, 0),
(1002, 2, '2018-10-11', 18091.2, 2126.21, 0),
(1003, 2, '2018-10-12', 40869.71, 5002.79, 0),
(1004, 2, '2018-10-13', 39238.93, 4768.92, 0),
(1005, 2, '2018-10-14', 11415.48, 1351.54, 0),
(1006, 2, '2018-10-15', 14762.88, 1745.13, 0),
(1007, 2, '2018-10-16', 41289.33, 5108.54, 0),
(1008, 2, '2018-10-17', 14386.18, 1750.54, 0),
(1009, 2, '2018-10-18', 15773.77, 1842.88, 0),
(1010, 2, '2018-10-19', 44913.29, 5403.04, 0),
(1011, 2, '2018-10-20', 39176.94, 4776.83, 0),
(1012, 2, '2018-10-21', 36149.03, 4416.08, 0),
(1013, 2, '2018-10-22', 47812.46, 5615, 0),
(1014, 2, '2018-10-23', 46839.71, 5547.83, 0),
(1015, 2, '2018-10-24', 45728.68, 5447.83, 0),
(1016, 2, '2018-10-25', 34933.09, 4348.88, 0),
(1017, 2, '2018-10-26', 11038.78, 1269.37, 0),
(1018, 2, '2018-10-27', 25668.14, 3034.5, 0),
(1019, 2, '2018-10-28', 9498.6, 1008.43, 0),
(1020, 2, '2018-10-29', 10876.66, 1188.65, 0),
(1021, 2, '2018-10-30', 42734.15, 4898.33, 0),
(1022, 2, '2018-10-31', 6666.18, 704.21, 0),
(1023, 2, '2018-11-01', 18639.57, 2203.53, 0),
(1024, 2, '2018-11-02', 24909.97, 2893.17, 0),
(1025, 2, '2018-11-03', 39806.37, 4528.67, 0),
(1026, 2, '2018-11-04', 42300.22, 4819.61, 0),
(1027, 2, '2018-11-05', 7457.73, 824.25, 0),
(1028, 2, '2018-11-06', 6475.45, 712.25, 0),
(1029, 2, '2018-11-07', 8230.21, 928.24, 0),
(1030, 2, '2018-11-08', 19893.65, 2238.33, 0),
(1031, 2, '2018-11-09', 23412.71, 2735.17, 0),
(1032, 2, '2018-11-10', 10747.91, 1197.49, 0),
(1033, 2, '2018-11-11', 14052.39, 1753.21, 0),
(1034, 2, '2018-11-12', 7247.93, 820.06, 0),
(1035, 2, '2018-11-13', 30174.26, 3673.38, 0),
(1036, 2, '2018-11-14', 27747.15, 3204.33, 0),
(1037, 2, '2018-11-15', 26917.46, 3026.82, 0),
(1038, 2, '2018-11-16', 18506.05, 2041.04, 0),
(1039, 2, '2018-11-17', 7824.9, 937.38, 0),
(1040, 2, '2018-11-18', 12450.22, 1424.9, 0),
(1041, 2, '2018-11-19', 38323.4, 4513.63, 0),
(1042, 2, '2018-11-20', 24619.1, 2807.83, 0),
(1043, 2, '2018-11-21', 23021.7, 2635.9, 0),
(1044, 2, '2018-11-22', 35386.09, 4236.25, 0),
(1045, 2, '2018-11-23', 9169.58, 1096.17, 0),
(1046, 2, '2018-11-24', 24747.85, 2969.4, 0),
(1047, 2, '2018-11-25', 24232.86, 2787.75, 0),
(1048, 2, '2018-11-26', 10938.64, 1067.84, 0),
(1049, 2, '2018-11-27', 19450.19, 2045.36, 0),
(1050, 2, '2018-11-28', 16136.17, 1872.88, 0),
(1051, 2, '2018-11-29', 27117.73, 3155.42, 0),
(1052, 2, '2018-11-30', 20785.33, 2328.36, 0),
(1053, 2, '2018-12-01', 6480.22, 708.08, 0),
(1054, 2, '2018-12-02', 3747.94, 415.54, 0),
(1055, 2, '2018-12-03', 11086.46, 1296.65, 0),
(1056, 2, '2018-12-04', 5726.81, 669.75, 0),
(1057, 2, '2018-12-05', 13656.62, 1526.71, 0),
(1058, 2, '2018-12-06', 5455.02, 627.78, 0),
(1059, 2, '2018-12-07', 6761.55, 781.63, 0),
(1060, 2, '2018-12-08', 14944.08, 1672.42, 0),
(1061, 2, '2018-12-09', 4577.64, 546.58, 0),
(1062, 2, '2018-12-10', 17457.01, 1972.13, 0),
(1063, 2, '2018-12-11', 29511.45, 3255.04, 0),
(1064, 2, '2018-12-12', 16250.61, 1830.9, 0),
(1065, 2, '2018-12-13', 1606.94, 163.88, 0),
(1066, 2, '2018-12-14', 33.38, -30.21, 0),
(1067, 2, '2018-12-15', 4625.32, 509.13, 0),
(1068, 2, '2018-12-16', 4835.13, 558.54, 0),
(1069, 2, '2018-12-17', 12364.39, 1446.28, 0),
(1070, 2, '2018-12-18', 6432.53, 728.33, 0),
(1071, 2, '2018-12-19', 15058.52, 1772.75, 0),
(1072, 2, '2018-12-20', 6375.31, 707.15, 0),
(1073, 2, '2018-12-21', 11134.15, 1270.54, 0),
(1074, 2, '2018-12-22', 5393.03, 616.58, 0),
(1075, 2, '2018-12-23', 5402.57, 612.83, 0),
(1076, 2, '2018-12-24', 4310.61, 477.83, 0),
(1077, 2, '2018-12-25', 8459.09, 947.25, 0),
(1078, 2, '2018-12-26', 28657.91, 3096.57, 0),
(1079, 2, '2018-12-27', 3719.33, 420, 0),
(1080, 2, '2018-12-28', 7510.19, 871.2, 0),
(1081, 2, '2018-12-29', 4601.48, 513.92, 0),
(1082, 2, '2018-12-30', 4367.83, 458.75, 0),
(1083, 2, '2018-12-31', 16827.58, 2006.77, 0),
(1084, 2, '2019-01-01', 1616.48, 152.96, 0),
(1085, 2, '2019-01-02', 11234.28, 1292.96, 0),
(1086, 2, '2019-01-03', 36282.54, 4263.56, 0),
(1087, 2, '2019-01-04', 28228.76, 3387.5, 0),
(1088, 2, '2019-01-05', 34861.57, 4040.58, 0),
(1089, 2, '2019-01-06', 2651.22, 239.27, 0),
(1090, 2, '2019-01-07', 3767.01, 404.04, 0),
(1091, 2, '2019-01-08', 5121.23, 564.67, 0),
(1092, 2, '2019-01-09', 9799, 1104.69, 0),
(1093, 2, '2019-01-10', 24313.93, 2909, 0),
(1094, 2, '2019-01-11', 29110.91, 3179.83, 0),
(1095, 2, '2019-01-12', 7863.05, 853.11, 0),
(1096, 2, '2019-01-13', 11186.6, 1261.04, 0),
(1097, 2, '2019-01-14', 8015.63, 891.13, 0),
(1098, 2, '2019-01-15', 34031.87, 3943.11, 0),
(1099, 2, '2019-01-16', 21219.25, 2606.92, 0),
(1100, 2, '2019-01-17', 28238.3, 3157.67, 0);
INSERT INTO `import_data_row` (`id`, `site_id`, `date`, `energyInjected`, `irradiation`, `ens`) VALUES
(1101, 2, '2019-01-18', 6680.49, 713.7, 0),
(1102, 2, '2019-01-19', 16975.4, 1887.92, 0),
(1103, 2, '2019-01-20', 19803.05, 2265.71, 0),
(1104, 2, '2019-01-21', 7200.24, 820.41, 0),
(1105, 2, '2019-01-22', 5183.22, 549.43, 0),
(1106, 2, '2019-01-23', 11105.54, 1228.71, 0),
(1107, 2, '2019-01-24', 32973.29, 3728.83, 0),
(1108, 2, '2019-01-25', 14600.75, 1690.44, 0),
(1109, 2, '2019-01-26', 6437.3, 737.42, 0),
(1110, 2, '2019-01-27', 18258.1, 2059.13, 0),
(1111, 2, '2019-01-28', 6170.27, 679.57, 0),
(1112, 2, '2019-01-29', 3633.5, 390.71, 0),
(1113, 2, '2019-01-30', 12230.87, 1318.09, 0),
(1114, 2, '2019-01-31', 4057.88, 491.57, 0),
(1115, 2, '2019-02-01', 19803.05, 2183.96, 0),
(1116, 2, '2019-02-02', 15974.05, 1784.21, 0),
(1117, 2, '2019-02-03', 45628.55, 5211.94, 0),
(1118, 2, '2019-02-04', 14095.31, 1531.46, 0),
(1119, 2, '2019-02-05', 4596.71, 521.96, 0),
(1120, 2, '2019-02-06', 19869.8, 2380.86, 0),
(1121, 2, '2019-02-07', 20985.6, 2302.38, 0),
(1122, 2, '2019-02-08', 40664.67, 4521.96, 0),
(1123, 2, '2019-02-09', 26168.82, 2967.87, 0),
(1124, 2, '2019-02-10', 15735.63, 1719.13, 0),
(1125, 2, '2019-02-11', 33311.84, 3731.33, 0),
(1126, 2, '2019-02-12', 46873.09, 5298.11, 0),
(1127, 2, '2019-02-13', 49438.48, 5754.83, 0),
(1128, 2, '2019-02-14', 48837.66, 5633.21, 0),
(1129, 2, '2019-02-15', 48050.88, 5600.74, 0),
(1130, 2, '2019-02-16', 45857.43, 5371.25, 0),
(1131, 2, '2019-02-17', 47941.21, 5632.29, 0),
(1132, 2, '2019-02-18', 43501.85, 5032.74, 0),
(1133, 2, '2019-02-19', 22153.85, 2583.54, 0),
(1134, 2, '2019-02-20', 42185.78, 4954.29, 0),
(1135, 2, '2019-02-21', 44069.29, 5229.19, 0),
(1136, 2, '2019-02-22', 46529.77, 5594.27, 0),
(1137, 2, '2019-02-23', 48799.52, 5787.5, 0),
(1138, 2, '2019-02-24', 44260.03, 5324.58, 0),
(1139, 2, '2019-02-25', 48584, 5827.6, 0),
(1140, 2, '2019-02-26', 48064, 5855.13, 0),
(1141, 2, '2019-02-27', 47548, 5952.21, 0),
(1142, 2, '2019-02-28', 34344, 4315.28, 0),
(1143, 2, '2019-03-01', 20748, 2494.83, 0),
(1144, 2, '2019-03-02', 29152, 3473.13, 0),
(1145, 2, '2019-03-03', 44840, 5433.63, 0),
(1146, 2, '2019-03-04', 30052, 3602.5, 0),
(1147, 2, '2019-03-05', 49972, 5956.08, 0),
(1148, 2, '2019-03-06', 10480, 1177.96, 0),
(1149, 2, '2019-03-07', 47468, 5842.29, 0),
(1150, 2, '2019-03-08', 29196, 3638.38, 0),
(1151, 2, '2019-03-09', 7264, 829, 0),
(1152, 2, '2019-03-10', 10196, 1146.38, 0),
(1153, 2, '2019-03-11', 42476, 5412.58, 0),
(1154, 2, '2019-03-12', 44360, 5253.33, 0),
(1155, 2, '2019-03-13', 32972, 3974.71, 0),
(1156, 2, '2019-03-14', 27456, 3207.33, 0),
(1157, 2, '2019-03-15', 19280, 2359.71, 0),
(1158, 2, '2019-03-16', 54656, 6762.67, 0),
(1159, 2, '2019-03-17', 26176, 3131.88, 0),
(1160, 2, '2019-03-18', 40000, 4980.33, 0),
(1161, 2, '2019-03-19', 27900, 3320.21, 0),
(1162, 2, '2019-03-20', 57892, 7164.88, 0),
(1163, 2, '2019-03-21', 56592, 7109.79, 0),
(1164, 2, '2019-03-22', 56660, 7090.08, 0),
(1165, 2, '2019-03-23', 52516, 6698.84, 0),
(1166, 2, '2019-03-24', 56536, 7054.67, 0),
(1167, 2, '2019-03-25', 54804, 6856.42, 0),
(1168, 2, '2019-03-26', 59160, 7464.33, 0),
(1169, 2, '2019-03-27', 58280, 7270.17, 0),
(1170, 2, '2019-03-28', 57092, 7155.46, 0),
(1171, 2, '2019-03-29', 45716, 5834.38, 0),
(1172, 2, '2019-03-30', 53984, 6819.21, 0),
(1173, 2, '2019-03-31', 53120, 6738.92, 0),
(1174, 2, '2019-04-01', 23996, 2766.71, 0),
(1175, 2, '2019-04-02', 29916, 3639.71, 0),
(1176, 2, '2019-04-03', 26312, 3079.71, 0),
(1177, 2, '2019-04-04', 37740, 4765.58, 0),
(1178, 2, '2019-04-05', 24528, 2765.13, 0),
(1179, 2, '2019-04-06', 28728, 3332.5, 0),
(1180, 2, '2019-04-07', 31456, 3751.92, 0),
(1181, 2, '2019-04-08', 28988, 3386.96, 0),
(1182, 2, '2019-04-09', 49200, 6123.46, 0),
(1183, 2, '2019-04-10', 45932, 5744.46, 0),
(1184, 2, '2019-04-11', 35004, 4400.42, 0),
(1185, 2, '2019-04-12', 59736, 7651.71, 0),
(1186, 2, '2019-04-13', 60096, 7823.46, 0),
(1187, 2, '2019-04-14', 38728, 4901.33, 0),
(1188, 2, '2019-04-15', 28920, 3334.21, 0),
(1189, 2, '2019-04-16', 39568, 5179.95, 0),
(1190, 2, '2019-04-17', 29144, 3373.17, 0),
(1191, 2, '2019-04-18', 28452, 3338.96, 0),
(1192, 2, '2019-04-19', 55464, 7079.63, 0),
(1193, 2, '2019-04-20', 58356, 7558.17, 0),
(1194, 2, '2019-04-21', 19472, 2403.68, 0),
(1195, 2, '2019-04-22', 36928, 4363.83, 0),
(1196, 2, '2019-04-23', 32056, 3919.42, 0),
(1197, 2, '2019-04-24', 44780, 5429.96, 0),
(1198, 2, '2019-04-25', 50092, 6602.67, 0),
(1199, 2, '2019-04-26', 36004, 4617.46, 0),
(1200, 2, '2019-04-27', 19916, 2249.08, 0),
(1201, 2, '2019-04-28', 36048, 4376.5, 0),
(1202, 2, '2019-04-29', 39716, 4982.88, 0),
(1203, 2, '2019-04-30', 61972, 8237.71, 0),
(1204, 2, '2019-05-01', 48200, 6116.29, 0),
(1205, 2, '2019-05-02', 51132, 6876.13, 0),
(1206, 2, '2019-05-03', 26416, 3310.58, 0),
(1207, 2, '2019-05-04', 32864, 3896.33, 0),
(1208, 2, '2019-05-05', 51924, 7046.5, 0),
(1209, 2, '2019-05-06', 61792, 8190.21, 0),
(1210, 2, '2019-05-07', 44284, 5405.92, 0),
(1211, 2, '2019-05-08', 15476, 1778.58, 0),
(1212, 2, '2019-05-09', 36780, 4748.13, 0),
(1213, 2, '2019-05-10', 37708, 4621.67, 0),
(1214, 2, '2019-05-11', 43228, 5809.71, 0),
(1215, 2, '2019-05-12', 62016, 8305.17, 0),
(1216, 2, '2019-05-13', 63488, 8496.92, 0),
(1217, 2, '2019-05-14', 62084, 8122.38, 0),
(1218, 2, '2019-05-15', 62064, 8247.75, 0),
(1219, 2, '2019-05-16', 48268, 6380.42, 0),
(1220, 2, '2019-05-17', 21324, 2418.5, 0),
(1221, 2, '2019-05-18', 26336, 3246.42, 0),
(1222, 2, '2019-05-19', 23800, 2762.54, 0),
(1223, 2, '2019-05-20', 23716, 2912.75, 0),
(1224, 2, '2019-05-21', 39332, 5102.13, 0),
(1225, 2, '2019-05-22', 49168, 6419.71, 0),
(1226, 2, '2019-05-23', 37176, 4579.5, 0),
(1227, 2, '2019-05-24', 33028, 4259.75, 0),
(1228, 2, '2019-05-25', 43748, 6052.5, 0),
(1229, 2, '2019-05-26', 33672, 4199.25, 0),
(1230, 2, '2019-05-27', 24564, 2835.75, 0),
(1231, 2, '2019-05-28', 35760, 4565.21, 0),
(1232, 2, '2019-05-29', 48788, 6812.83, 0),
(1233, 2, '2019-05-30', 57224, 7765.13, 0),
(1234, 2, '2019-05-31', 61360, 8375.42, 0),
(1235, 2, '2019-06-01', 60204, 8369.75, 0),
(1236, 2, '2019-06-02', 59056, 7886.63, 0),
(1237, 2, '2019-06-03', 53756, 7171.38, 0),
(1238, 2, '2019-06-04', 47476, 6095.96, 0),
(1239, 2, '2019-06-05', 17264, 1982.79, 0),
(1240, 2, '2019-06-06', 53280, 7335.96, 0),
(1241, 2, '2019-06-07', 52056, 7015.71, 0),
(1242, 2, '2019-06-08', 54064, 7191.63, 0),
(1243, 2, '2019-06-09', 60952, 8067.17, 0),
(1244, 2, '2019-06-10', 40500, 5237.46, 0),
(1245, 2, '2019-06-11', 43868, 5770.92, 0),
(1246, 2, '2019-06-12', 34112, 4542.71, 0),
(1247, 2, '2019-06-13', 58232, 7651.75, 0),
(1248, 2, '2019-06-14', 22476, 2584.08, 0),
(1249, 2, '2019-06-15', 43508, 5947.04, 0),
(1250, 2, '2019-06-16', 62116, 8364.13, 0),
(1251, 2, '2019-06-17', 23388, 8226.08, 0),
(1252, 2, '2019-06-18', 26892, 7794.46, 0),
(1253, 2, '2019-06-19', 49760, 6526.17, 0),
(1254, 2, '2019-06-20', 24404, 2976.38, 0),
(1255, 2, '2019-06-21', 24956, 3007.17, 0),
(1256, 2, '2019-06-22', 53860, 7152.96, 0),
(1257, 2, '2019-06-23', 55308, 7411.92, 0),
(1258, 2, '2019-06-24', 41100, 5246.88, 0),
(1259, 2, '2019-06-25', 44972, 6145.17, 0),
(1260, 2, '2019-06-26', 49596, 6969.59, 0),
(1261, 2, '2019-06-27', 50384, 7009.42, 0),
(1262, 3, '2018-08-01', 50745.01, 6876.17, 0),
(1263, 3, '2018-08-02', 56037.9, 7777.83, 0),
(1264, 3, '2018-08-03', 55193.9, 7770.47, 0),
(1265, 3, '2018-08-04', 54650.31, 7508.08, 0),
(1266, 3, '2018-08-05', 51102.64, 7099.08, 0),
(1267, 3, '2018-08-06', 52466.39, 7416.34, 0),
(1268, 3, '2018-08-07', 25057.79, 3180.58, 0),
(1269, 3, '2018-08-08', 30879.97, 4144.75, 0),
(1270, 3, '2018-08-09', 41112.9, 5635.96, 0),
(1271, 3, '2018-08-10', 49262.05, 6733.96, 0),
(1272, 3, '2018-08-11', 56567.19, 7540.33, 0),
(1273, 3, '2018-08-12', 56285.86, 7422.26, 0),
(1274, 3, '2018-08-13', 34041.41, 4439.33, 0),
(1275, 3, '2018-08-14', 44584.27, 5980.04, 0),
(1276, 3, '2018-08-15', 58708.19, 7784.29, 0),
(1277, 3, '2018-08-16', 51455.5, 6667.5, 0),
(1278, 3, '2018-08-17', 48089.03, 6465.67, 0),
(1279, 3, '2018-08-18', 52752.5, 7093.08, 0),
(1280, 3, '2018-08-19', 56800.84, 7466.04, 0),
(1281, 3, '2018-08-20', 55704.12, 7251.5, 0),
(1282, 3, '2018-08-21', 55966.38, 7511.05, 0),
(1283, 3, '2018-08-22', 51212.31, 6877.92, 0),
(1284, 3, '2018-08-23', 48875.81, 6555.25, 0),
(1285, 3, '2018-08-24', 42991.64, 5534.75, 0),
(1286, 3, '2018-08-25', 21119.12, 2478.08, 0),
(1287, 3, '2018-08-26', 47822, 6311.13, 0),
(1288, 3, '2018-08-27', 51774.98, 6758.46, 0),
(1289, 3, '2018-08-28', 49133.3, 6547.13, 0),
(1290, 3, '2018-08-29', 31995.77, 3983.75, 0),
(1291, 3, '2018-08-30', 46415.33, 6050.71, 0),
(1292, 3, '2018-08-31', 32348.63, 4120.67, 0),
(1293, 3, '2018-09-01', 56872.37, 7394, 0),
(1294, 3, '2018-09-02', 56376.46, 7441.88, 0),
(1295, 3, '2018-09-03', 20012.86, 7320.71, 0),
(1296, 3, '2018-09-04', 19669.53, 6861.33, 0),
(1297, 3, '2018-09-05', 16994.48, 3557.83, 0),
(1298, 3, '2018-09-06', 17528.53, 3666.38, 0),
(1299, 3, '2018-09-07', 19335.75, 5660.38, 0),
(1300, 3, '2018-09-08', 20585.06, 6932.71, 0),
(1301, 3, '2018-09-09', 15792.85, 4568.42, 0),
(1302, 3, '2018-09-10', 19330.98, 6205.58, 0),
(1303, 3, '2018-09-11', 19512.18, 6914, 0),
(1304, 3, '2018-09-12', 19235.61, 5988.13, 0),
(1305, 3, '2018-09-13', 15406.61, 3050.96, 0),
(1306, 3, '2018-09-14', 19879.34, 4741.87, 0),
(1307, 3, '2018-09-15', 55217.74, 7132.38, 0),
(1308, 3, '2018-09-16', 46424.87, 5950.75, 0),
(1309, 3, '2018-09-17', 46072.01, 6081.42, 0),
(1310, 3, '2018-09-18', 37984.85, 4885.42, 0),
(1311, 3, '2018-09-19', 45037.27, 5764.29, 0),
(1312, 3, '2018-09-20', 50272.94, 6491.54, 0),
(1313, 3, '2018-09-21', 12755.39, 1526.04, 0),
(1314, 3, '2018-09-22', 52094.46, 6554.79, 0),
(1315, 3, '2018-09-23', 42204.86, 5349.92, 0),
(1316, 3, '2018-09-24', 55980.68, 6962.96, 0),
(1317, 3, '2018-09-25', 54845.81, 6830.04, 0),
(1318, 3, '2018-09-26', 52075.39, 6526.33, 0),
(1319, 3, '2018-09-27', 49667.36, 6435.38, 0),
(1320, 3, '2018-09-28', 44503.21, 5601.25, 0),
(1321, 3, '2018-09-29', 52418.71, 6554.29, 0),
(1322, 3, '2018-09-30', 50506.59, 6307.71, 0),
(1323, 3, '2018-10-01', 33888.82, 4195.75, 0),
(1324, 3, '2018-10-02', 51131.25, 6236.28, 0),
(1325, 3, '2018-10-03', 50539.97, 6237.88, 0),
(1326, 3, '2018-10-04', 50020.22, 6284, 0),
(1327, 3, '2018-10-05', 47669.41, 6146.62, 0),
(1328, 3, '2018-10-06', 20294.19, 2539.08, 0),
(1329, 3, '2018-10-07', 6189.35, 683.75, 0),
(1330, 3, '2018-10-08', 4997.25, 563.78, 0),
(1331, 3, '2018-10-09', 22716.52, 2727.33, 0),
(1332, 3, '2018-10-10', 39448.74, 4883.17, 0),
(1333, 3, '2018-10-11', 18091.2, 2126.21, 0),
(1334, 3, '2018-10-12', 40869.71, 5002.79, 0),
(1335, 3, '2018-10-13', 39238.93, 4768.92, 0),
(1336, 3, '2018-10-14', 11415.48, 1351.54, 0),
(1337, 3, '2018-10-15', 14762.88, 1745.13, 0),
(1338, 3, '2018-10-16', 41289.33, 5108.54, 0),
(1339, 3, '2018-10-17', 14386.18, 1750.54, 0),
(1340, 3, '2018-10-18', 15773.77, 1842.88, 0),
(1341, 3, '2018-10-19', 44913.29, 5403.04, 0),
(1342, 3, '2018-10-20', 39176.94, 4776.83, 0),
(1343, 3, '2018-10-21', 36149.03, 4416.08, 0),
(1344, 3, '2018-10-22', 47812.46, 5615, 0),
(1345, 3, '2018-10-23', 46839.71, 5547.83, 0),
(1346, 3, '2018-10-24', 45728.68, 5447.83, 0),
(1347, 3, '2018-10-25', 34933.09, 4348.88, 0),
(1348, 3, '2018-10-26', 11038.78, 1269.37, 0),
(1349, 3, '2018-10-27', 25668.14, 3034.5, 0),
(1350, 3, '2018-10-28', 9498.6, 1008.43, 0),
(1351, 3, '2018-10-29', 10876.66, 1188.65, 0),
(1352, 3, '2018-10-30', 42734.15, 4898.33, 0),
(1353, 3, '2018-10-31', 6666.18, 704.21, 0),
(1354, 3, '2018-11-01', 18639.57, 2203.53, 0),
(1355, 3, '2018-11-02', 24909.97, 2893.17, 0),
(1356, 3, '2018-11-03', 39806.37, 4528.67, 0),
(1357, 3, '2018-11-04', 42300.22, 4819.61, 0),
(1358, 3, '2018-11-05', 7457.73, 824.25, 0),
(1359, 3, '2018-11-06', 6475.45, 712.25, 0),
(1360, 3, '2018-11-07', 8230.21, 928.24, 0),
(1361, 3, '2018-11-08', 19893.65, 2238.33, 0),
(1362, 3, '2018-11-09', 23412.71, 2735.17, 0),
(1363, 3, '2018-11-10', 10747.91, 1197.49, 0),
(1364, 3, '2018-11-11', 14052.39, 1753.21, 0),
(1365, 3, '2018-11-12', 7247.93, 820.06, 0),
(1366, 3, '2018-11-13', 30174.26, 3673.38, 0),
(1367, 3, '2018-11-14', 27747.15, 3204.33, 0),
(1368, 3, '2018-11-15', 26917.46, 3026.82, 0),
(1369, 3, '2018-11-16', 18506.05, 2041.04, 0),
(1370, 3, '2018-11-17', 7824.9, 937.38, 0),
(1371, 3, '2018-11-18', 12450.22, 1424.9, 0),
(1372, 3, '2018-11-19', 38323.4, 4513.63, 0),
(1373, 3, '2018-11-20', 24619.1, 2807.83, 0),
(1374, 3, '2018-11-21', 23021.7, 2635.9, 0),
(1375, 3, '2018-11-22', 35386.09, 4236.25, 0),
(1376, 3, '2018-11-23', 9169.58, 1096.17, 0),
(1377, 3, '2018-11-24', 24747.85, 2969.4, 0),
(1378, 3, '2018-11-25', 24232.86, 2787.75, 0),
(1379, 3, '2018-11-26', 10938.64, 1067.84, 0),
(1380, 3, '2018-11-27', 19450.19, 2045.36, 0),
(1381, 3, '2018-11-28', 16136.17, 1872.88, 0),
(1382, 3, '2018-11-29', 27117.73, 3155.42, 0),
(1383, 3, '2018-11-30', 20785.33, 2328.36, 0),
(1384, 3, '2018-12-01', 6480.22, 708.08, 0),
(1385, 3, '2018-12-02', 3747.94, 415.54, 0),
(1386, 3, '2018-12-03', 11086.46, 1296.65, 0),
(1387, 3, '2018-12-04', 5726.81, 669.75, 0),
(1388, 3, '2018-12-05', 13656.62, 1526.71, 0),
(1389, 3, '2018-12-06', 5455.02, 627.78, 0),
(1390, 3, '2018-12-07', 6761.55, 781.63, 0),
(1391, 3, '2018-12-08', 14944.08, 1672.42, 0),
(1392, 3, '2018-12-09', 4577.64, 546.58, 0),
(1393, 3, '2018-12-10', 17457.01, 1972.13, 0),
(1394, 3, '2018-12-11', 29511.45, 3255.04, 0),
(1395, 3, '2018-12-12', 16250.61, 1830.9, 0),
(1396, 3, '2018-12-13', 1606.94, 163.88, 0),
(1397, 3, '2018-12-14', 33.38, -30.21, 0),
(1398, 3, '2018-12-15', 4625.32, 509.13, 0),
(1399, 3, '2018-12-16', 4835.13, 558.54, 0),
(1400, 3, '2018-12-17', 12364.39, 1446.28, 0),
(1401, 3, '2018-12-18', 6432.53, 728.33, 0),
(1402, 3, '2018-12-19', 15058.52, 1772.75, 0),
(1403, 3, '2018-12-20', 6375.31, 707.15, 0),
(1404, 3, '2018-12-21', 11134.15, 1270.54, 0),
(1405, 3, '2018-12-22', 5393.03, 616.58, 0),
(1406, 3, '2018-12-23', 5402.57, 612.83, 0),
(1407, 3, '2018-12-24', 4310.61, 477.83, 0),
(1408, 3, '2018-12-25', 8459.09, 947.25, 0),
(1409, 3, '2018-12-26', 28657.91, 3096.57, 0),
(1410, 3, '2018-12-27', 3719.33, 420, 0),
(1411, 3, '2018-12-28', 7510.19, 871.2, 0),
(1412, 3, '2018-12-29', 4601.48, 513.92, 0),
(1413, 3, '2018-12-30', 4367.83, 458.75, 0),
(1414, 3, '2018-12-31', 16827.58, 2006.77, 0),
(1415, 3, '2019-01-01', 1616.48, 152.96, 0),
(1416, 3, '2019-01-02', 11234.28, 1292.96, 0),
(1417, 3, '2019-01-03', 36282.54, 4263.56, 0),
(1418, 3, '2019-01-04', 28228.76, 3387.5, 0),
(1419, 3, '2019-01-05', 34861.57, 4040.58, 0),
(1420, 3, '2019-01-06', 2651.22, 239.27, 0),
(1421, 3, '2019-01-07', 3767.01, 404.04, 0),
(1422, 3, '2019-01-08', 5121.23, 564.67, 0),
(1423, 3, '2019-01-09', 9799, 1104.69, 0),
(1424, 3, '2019-01-10', 24313.93, 2909, 0),
(1425, 3, '2019-01-11', 29110.91, 3179.83, 0),
(1426, 3, '2019-01-12', 7863.05, 853.11, 0),
(1427, 3, '2019-01-13', 11186.6, 1261.04, 0),
(1428, 3, '2019-01-14', 8015.63, 891.13, 0),
(1429, 3, '2019-01-15', 34031.87, 3943.11, 0),
(1430, 3, '2019-01-16', 21219.25, 2606.92, 0),
(1431, 3, '2019-01-17', 28238.3, 3157.67, 0),
(1432, 3, '2019-01-18', 6680.49, 713.7, 0),
(1433, 3, '2019-01-19', 16975.4, 1887.92, 0),
(1434, 3, '2019-01-20', 19803.05, 2265.71, 0),
(1435, 3, '2019-01-21', 7200.24, 820.41, 0),
(1436, 3, '2019-01-22', 5183.22, 549.43, 0),
(1437, 3, '2019-01-23', 11105.54, 1228.71, 0),
(1438, 3, '2019-01-24', 32973.29, 3728.83, 0),
(1439, 3, '2019-01-25', 14600.75, 1690.44, 0),
(1440, 3, '2019-01-26', 6437.3, 737.42, 0),
(1441, 3, '2019-01-27', 18258.1, 2059.13, 0),
(1442, 3, '2019-01-28', 6170.27, 679.57, 0),
(1443, 3, '2019-01-29', 3633.5, 390.71, 0),
(1444, 3, '2019-01-30', 12230.87, 1318.09, 0),
(1445, 3, '2019-01-31', 4057.88, 491.57, 0),
(1446, 3, '2019-02-01', 19803.05, 2183.96, 0),
(1447, 3, '2019-02-02', 15974.05, 1784.21, 0),
(1448, 3, '2019-02-03', 45628.55, 5211.94, 0),
(1449, 3, '2019-02-04', 14095.31, 1531.46, 0),
(1450, 3, '2019-02-05', 4596.71, 521.96, 0),
(1451, 3, '2019-02-06', 19869.8, 2380.86, 0),
(1452, 3, '2019-02-07', 20985.6, 2302.38, 0),
(1453, 3, '2019-02-08', 40664.67, 4521.96, 0),
(1454, 3, '2019-02-09', 26168.82, 2967.87, 0),
(1455, 3, '2019-02-10', 15735.63, 1719.13, 0),
(1456, 3, '2019-02-11', 33311.84, 3731.33, 0),
(1457, 3, '2019-02-12', 46873.09, 5298.11, 0),
(1458, 3, '2019-02-13', 49438.48, 5754.83, 0),
(1459, 3, '2019-02-14', 48837.66, 5633.21, 0),
(1460, 3, '2019-02-15', 48050.88, 5600.74, 0),
(1461, 3, '2019-02-16', 45857.43, 5371.25, 0),
(1462, 3, '2019-02-17', 47941.21, 5632.29, 0),
(1463, 3, '2019-02-18', 43501.85, 5032.74, 0),
(1464, 3, '2019-02-19', 22153.85, 2583.54, 0),
(1465, 3, '2019-02-20', 42185.78, 4954.29, 0),
(1466, 3, '2019-02-21', 44069.29, 5229.19, 0),
(1467, 3, '2019-02-22', 46529.77, 5594.27, 0),
(1468, 3, '2019-02-23', 48799.52, 5787.5, 0),
(1469, 3, '2019-02-24', 44260.03, 5324.58, 0),
(1470, 3, '2019-02-25', 48584, 5827.6, 0),
(1471, 3, '2019-02-26', 48064, 5855.13, 0),
(1472, 3, '2019-02-27', 47548, 5952.21, 0),
(1473, 3, '2019-02-28', 34344, 4315.28, 0),
(1474, 3, '2019-03-01', 20748, 2494.83, 0),
(1475, 3, '2019-03-02', 29152, 3473.13, 0),
(1476, 3, '2019-03-03', 44840, 5433.63, 0),
(1477, 3, '2019-03-04', 30052, 3602.5, 0),
(1478, 3, '2019-03-05', 49972, 5956.08, 0),
(1479, 3, '2019-03-06', 10480, 1177.96, 0),
(1480, 3, '2019-03-07', 47468, 5842.29, 0),
(1481, 3, '2019-03-08', 29196, 3638.38, 0),
(1482, 3, '2019-03-09', 7264, 829, 0),
(1483, 3, '2019-03-10', 10196, 1146.38, 0),
(1484, 3, '2019-03-11', 42476, 5412.58, 0),
(1485, 3, '2019-03-12', 44360, 5253.33, 0),
(1486, 3, '2019-03-13', 32972, 3974.71, 0),
(1487, 3, '2019-03-14', 27456, 3207.33, 0),
(1488, 3, '2019-03-15', 19280, 2359.71, 0),
(1489, 3, '2019-03-16', 54656, 6762.67, 0),
(1490, 3, '2019-03-17', 26176, 3131.88, 0),
(1491, 3, '2019-03-18', 40000, 4980.33, 0),
(1492, 3, '2019-03-19', 27900, 3320.21, 0),
(1493, 3, '2019-03-20', 57892, 7164.88, 0),
(1494, 3, '2019-03-21', 56592, 7109.79, 0),
(1495, 3, '2019-03-22', 56660, 7090.08, 0),
(1496, 3, '2019-03-23', 52516, 6698.84, 0),
(1497, 3, '2019-03-24', 56536, 7054.67, 0),
(1498, 3, '2019-03-25', 54804, 6856.42, 0),
(1499, 3, '2019-03-26', 59160, 7464.33, 0),
(1500, 3, '2019-03-27', 58280, 7270.17, 0),
(1501, 3, '2019-03-28', 57092, 7155.46, 0),
(1502, 3, '2019-03-29', 45716, 5834.38, 0),
(1503, 3, '2019-03-30', 53984, 6819.21, 0),
(1504, 3, '2019-03-31', 53120, 6738.92, 0),
(1505, 3, '2019-04-01', 23996, 2766.71, 0),
(1506, 3, '2019-04-02', 29916, 3639.71, 0),
(1507, 3, '2019-04-03', 26312, 3079.71, 0),
(1508, 3, '2019-04-04', 37740, 4765.58, 0),
(1509, 3, '2019-04-05', 24528, 2765.13, 0),
(1510, 3, '2019-04-06', 28728, 3332.5, 0),
(1511, 3, '2019-04-07', 31456, 3751.92, 0),
(1512, 3, '2019-04-08', 28988, 3386.96, 0),
(1513, 3, '2019-04-09', 49200, 6123.46, 0),
(1514, 3, '2019-04-10', 45932, 5744.46, 0),
(1515, 3, '2019-04-11', 35004, 4400.42, 0),
(1516, 3, '2019-04-12', 59736, 7651.71, 0),
(1517, 3, '2019-04-13', 60096, 7823.46, 0),
(1518, 3, '2019-04-14', 38728, 4901.33, 0),
(1519, 3, '2019-04-15', 28920, 3334.21, 0),
(1520, 3, '2019-04-16', 39568, 5179.95, 0),
(1521, 3, '2019-04-17', 29144, 3373.17, 0),
(1522, 3, '2019-04-18', 28452, 3338.96, 0),
(1523, 3, '2019-04-19', 55464, 7079.63, 0),
(1524, 3, '2019-04-20', 58356, 7558.17, 0),
(1525, 3, '2019-04-21', 19472, 2403.68, 0),
(1526, 3, '2019-04-22', 36928, 4363.83, 0),
(1527, 3, '2019-04-23', 32056, 3919.42, 0),
(1528, 3, '2019-04-24', 44780, 5429.96, 0),
(1529, 3, '2019-04-25', 50092, 6602.67, 0),
(1530, 3, '2019-04-26', 36004, 4617.46, 0),
(1531, 3, '2019-04-27', 19916, 2249.08, 0),
(1532, 3, '2019-04-28', 36048, 4376.5, 0),
(1533, 3, '2019-04-29', 39716, 4982.88, 0),
(1534, 3, '2019-04-30', 61972, 8237.71, 0),
(1535, 3, '2019-05-01', 48200, 6116.29, 0),
(1536, 3, '2019-05-02', 51132, 6876.13, 0),
(1537, 3, '2019-05-03', 26416, 3310.58, 0),
(1538, 3, '2019-05-04', 32864, 3896.33, 0),
(1539, 3, '2019-05-05', 51924, 7046.5, 0),
(1540, 3, '2019-05-06', 61792, 8190.21, 0),
(1541, 3, '2019-05-07', 44284, 5405.92, 0),
(1542, 3, '2019-05-08', 15476, 1778.58, 0),
(1543, 3, '2019-05-09', 36780, 4748.13, 0),
(1544, 3, '2019-05-10', 37708, 4621.67, 0),
(1545, 3, '2019-05-11', 43228, 5809.71, 0),
(1546, 3, '2019-05-12', 62016, 8305.17, 0),
(1547, 3, '2019-05-13', 63488, 8496.92, 0),
(1548, 3, '2019-05-14', 62084, 8122.38, 0),
(1549, 3, '2019-05-15', 62064, 8247.75, 0),
(1550, 3, '2019-05-16', 48268, 6380.42, 0),
(1551, 3, '2019-05-17', 21324, 2418.5, 0),
(1552, 3, '2019-05-18', 26336, 3246.42, 0),
(1553, 3, '2019-05-19', 23800, 2762.54, 0),
(1554, 3, '2019-05-20', 23716, 2912.75, 0),
(1555, 3, '2019-05-21', 39332, 5102.13, 0),
(1556, 3, '2019-05-22', 49168, 6419.71, 0),
(1557, 3, '2019-05-23', 37176, 4579.5, 0),
(1558, 3, '2019-05-24', 33028, 4259.75, 0),
(1559, 3, '2019-05-25', 43748, 6052.5, 0),
(1560, 3, '2019-05-26', 33672, 4199.25, 0),
(1561, 3, '2019-05-27', 24564, 2835.75, 0),
(1562, 3, '2019-05-28', 35760, 4565.21, 0),
(1563, 3, '2019-05-29', 48788, 6812.83, 0),
(1564, 3, '2019-05-30', 57224, 7765.13, 0),
(1565, 3, '2019-05-31', 61360, 8375.42, 0),
(1566, 3, '2019-06-01', 60204, 8369.75, 0),
(1567, 3, '2019-06-02', 59056, 7886.63, 0),
(1568, 3, '2019-06-03', 53756, 7171.38, 0),
(1569, 3, '2019-06-04', 47476, 6095.96, 0),
(1570, 3, '2019-06-05', 17264, 1982.79, 0),
(1571, 3, '2019-06-06', 53280, 7335.96, 0),
(1572, 3, '2019-06-07', 52056, 7015.71, 0),
(1573, 3, '2019-06-08', 54064, 7191.63, 0),
(1574, 3, '2019-06-09', 60952, 8067.17, 0),
(1575, 3, '2019-06-10', 40500, 5237.46, 0),
(1576, 3, '2019-06-11', 43868, 5770.92, 0),
(1577, 3, '2019-06-12', 34112, 4542.71, 0),
(1578, 3, '2019-06-13', 58232, 7651.75, 0),
(1579, 3, '2019-06-14', 22476, 2584.08, 0),
(1580, 3, '2019-06-15', 43508, 5947.04, 0),
(1581, 3, '2019-06-16', 62116, 8364.13, 0),
(1582, 3, '2019-06-17', 23388, 8226.08, 0),
(1583, 3, '2019-06-18', 26892, 7794.46, 0),
(1584, 3, '2019-06-19', 49760, 6526.17, 0),
(1585, 3, '2019-06-20', 24404, 2976.38, 0),
(1586, 3, '2019-06-21', 24956, 3007.17, 0),
(1587, 3, '2019-06-22', 53860, 7152.96, 0),
(1588, 3, '2019-06-23', 55308, 7411.92, 0),
(1589, 3, '2019-06-24', 41100, 5246.88, 0),
(1590, 3, '2019-06-25', 44972, 6145.17, 0),
(1591, 3, '2019-06-26', 49596, 6969.59, 0),
(1592, 3, '2019-06-27', 50384, 7009.42, 0);

-- --------------------------------------------------------

--
-- Structure de la table `report`
--

DROP TABLE IF EXISTS `report`;
CREATE TABLE IF NOT EXISTS `report` (
  `id` int(11) NOT NULL AUTO_INCREMENT,
  `site` longtext COLLATE utf8_unicode_ci NOT NULL COMMENT '(DC2Type:object)',
  `startDate` date NOT NULL,
  `endDate` date NOT NULL,
  `register` longtext COLLATE utf8_unicode_ci COMMENT '(DC2Type:array)',
  `rows` longtext COLLATE utf8_unicode_ci COMMENT '(DC2Type:array)',
  `curve` longtext COLLATE utf8_unicode_ci COMMENT '(DC2Type:array)',
  PRIMARY KEY (`id`)
) ENGINE=InnoDB DEFAULT CHARSET=utf8 COLLATE=utf8_unicode_ci;

-- --------------------------------------------------------

--
-- Structure de la table `search`
--

DROP TABLE IF EXISTS `search`;
CREATE TABLE IF NOT EXISTS `search` (
  `id` int(11) NOT NULL AUTO_INCREMENT,
  `site` longtext COLLATE utf8_unicode_ci NOT NULL COMMENT '(DC2Type:object)',
  `startDate` date NOT NULL,
  `endDate` date NOT NULL,
  PRIMARY KEY (`id`)
) ENGINE=InnoDB DEFAULT CHARSET=utf8 COLLATE=utf8_unicode_ci;

-- --------------------------------------------------------

--
-- Structure de la table `site`
--

DROP TABLE IF EXISTS `site`;
CREATE TABLE IF NOT EXISTS `site` (
  `id` int(11) NOT NULL AUTO_INCREMENT,
  `client_id` int(11) NOT NULL,
  `siteName` varchar(30) COLLATE utf8_unicode_ci NOT NULL,
  `powerPeak` decimal(10,2) NOT NULL,
  PRIMARY KEY (`id`),
  KEY `IDX_694309E419EB6921` (`client_id`)
) ENGINE=InnoDB AUTO_INCREMENT=4 DEFAULT CHARSET=utf8 COLLATE=utf8_unicode_ci;

--
-- Déchargement des données de la table `site`
--

INSERT INTO `site` (`id`, `client_id`, `siteName`, `powerPeak`) VALUES
(1, 1, 'Site 1', '40297.65'),
(2, 3, 'Site 1', '9828.00'),
(3, 3, 'Site 2', '11994.00');

-- --------------------------------------------------------

--
-- Structure de la table `substation`
--

DROP TABLE IF EXISTS `substation`;
CREATE TABLE IF NOT EXISTS `substation` (
  `id` int(11) NOT NULL AUTO_INCREMENT,
  `site_id` int(11) NOT NULL,
  `name` varchar(255) COLLATE utf8_unicode_ci NOT NULL,
  PRIMARY KEY (`id`),
  KEY `IDX_D45B507EF6BD1646` (`site_id`)
) ENGINE=InnoDB AUTO_INCREMENT=15 DEFAULT CHARSET=utf8 COLLATE=utf8_unicode_ci;

--
-- Déchargement des données de la table `substation`
--

INSERT INTO `substation` (`id`, `site_id`, `name`) VALUES
(1, 1, 'HV Substation'),
(2, 1, 'Station 1'),
(3, 1, 'Station 2'),
(4, 2, 'HV Substation'),
(5, 2, 'Station 1'),
(6, 2, 'Station 2'),
(7, 2, 'Station 3'),
(8, 2, 'Station 4'),
(9, 3, 'HV Substation'),
(10, 3, 'Station 1'),
(11, 3, 'Station 2'),
(12, 3, 'Station 3'),
(13, 3, 'Station 4'),
(14, 3, 'Station 5');

--
-- Contraintes pour les tables déchargées
--

--
-- Contraintes pour la table `ens`
--
ALTER TABLE `ens`
  ADD CONSTRAINT `FK_832FB67671F7E88B` FOREIGN KEY (`event_id`) REFERENCES `event` (`id`);

--
-- Contraintes pour la table `equipment`
--
ALTER TABLE `equipment`
  ADD CONSTRAINT `FK_D338D5837E2C5596` FOREIGN KEY (`substation_id`) REFERENCES `substation` (`id`);

--
-- Contraintes pour la table `event`
--
ALTER TABLE `event`
  ADD CONSTRAINT `FK_3BAE0AA7517FE9FE` FOREIGN KEY (`equipment_id`) REFERENCES `equipment` (`id`),
  ADD CONSTRAINT `FK_3BAE0AA77E2C5596` FOREIGN KEY (`substation_id`) REFERENCES `substation` (`id`),
  ADD CONSTRAINT `FK_3BAE0AA7F6BD1646` FOREIGN KEY (`site_id`) REFERENCES `site` (`id`);

--
-- Contraintes pour la table `file`
--
ALTER TABLE `file`
  ADD CONSTRAINT `FK_8C9F3610F6BD1646` FOREIGN KEY (`site_id`) REFERENCES `site` (`id`);

--
-- Contraintes pour la table `import_data_row`
--
ALTER TABLE `import_data_row`
  ADD CONSTRAINT `FK_6913A994F6BD1646` FOREIGN KEY (`site_id`) REFERENCES `site` (`id`);

--
-- Contraintes pour la table `site`
--
ALTER TABLE `site`
  ADD CONSTRAINT `FK_694309E419EB6921` FOREIGN KEY (`client_id`) REFERENCES `client` (`id`);

--
-- Contraintes pour la table `substation`
--
ALTER TABLE `substation`
  ADD CONSTRAINT `FK_D45B507EF6BD1646` FOREIGN KEY (`site_id`) REFERENCES `site` (`id`);
COMMIT;

/*!40101 SET CHARACTER_SET_CLIENT=@OLD_CHARACTER_SET_CLIENT */;
/*!40101 SET CHARACTER_SET_RESULTS=@OLD_CHARACTER_SET_RESULTS */;
/*!40101 SET COLLATION_CONNECTION=@OLD_COLLATION_CONNECTION */;
